# Population TGCP	WM1,WM10,WM2,WM3,WM4,WM5,WM6,WM7,WM8,WM9
# Population MRLP	WM123,WM124,WM125,WM126,WM127,WM128,WM129,WM130
# Population STT	WM183,WM184,WM185,WM186,WM187,WM188,WM189,WM190,WM191,WM192
# Population FSSP	WM241,WM242,WM243,WM244,WM245,WM246,WM247,WM248,WM249,WM250
# Population HNL	WM301,WM302,WM303,WM304,WM305,WM306,WM307,WM308,WM309,WM310
# Population MPO	WM482,WM483,WM484,WM485,WM486,WM487,WM488,WM489,WM490,WM491
# Population OICP	WM541,WM542,WM543,WM544,WM545,WM546,WM547,WM548,WM549,WM550
# Population IRO	WM601,WM602,WM603,WM604,WM605,WM606,WM607,WM608,WM609,WM610
# Population HGRF	WM661,WM662,WM663,WM664,WM665,WM666,WM667,WM668,WM669,WM670
# Population PTP	WM721,WM722,WM723,WM724,WM725,WM726,WM727,WM728,WM729,WM730
# Population RRL	WM782,WM783,WM784,WM785,WM786,WM787,WM788,WM789,WM790,WM791
# Population RRO	WM842,WM843,WM844,WM845,WM846,WM847,WM848,WM849,WM850,WM851
# Population CPS	WM901,WM902,WM903,WM904,WM905,WM906,WM907,WM908,WM909,WM910
# Population PPNP	WM962,WM963,WM964,WM965,WM966,WM967,WM968,WM969,WM970,WM971
# Population FPPI	WM1021,WM1022,WM1023,WM1024,WM1025,WM1026,WM1027,WM1028,WM1029,WM1030
# Population CRWA	WM1082,WM1084,WM1085,WM1086,WM1087,WM1088,WM1089,WM1090,WM1092,WM1093
# Population PCRA	WM1141,WM1142,WM1143,WM1144,WM1145,WM1146,WM1147,WM1148,WM1149,WM1150
# Population DHFA	WM1202,WM1203,WM1204,WM1205,WM1206,WM1207,WM1208,WM1209,WM1210,WM1211
# Group defaultgrp	TGCP,MRLP,STT,FSSP,HNL,MPO,OICP,IRO,HGRF,PTP,RRL,RRO,CPS,PPNP,FPPI,CRWA,PCRA,DHFA
# Batch ID 	Locus ID	Chr	BP	PopCnt	phi_st	Smoothed Phi_st	Smoothed Phi_st P-value	Phi_ct	Smoothed Phi_ct	Smoothed Phi_ct P-value	Phi_sc	Smoothed Phi_sc	Smoothed Phi_sc P-value	Fst'	Smoothed Fst'	Smoothed Fst' P-value	D_est	Smoothed D_est	Smoothed D_est P-value
22540000	128	un	11432	18	0.7280	0.0000	0.0000	0.0000	0.0000	0.0000	0.0000	0.0000	0.0000	0.2394	0.0000	0.0000	0.2299	0.0000	0.0000
22540000	953	un	85682	18	0.2084	0.0000	0.0000	0.0000	0.0000	0.0000	0.0000	0.0000	0.0000	0.0062	0.0000	0.0000	0.0060	0.0000	0.0000
22540000	1341	un	120602	18	0.4109	0.0000	0.0000	0.0000	0.0000	0.0000	0.0000	0.0000	0.0000	0.0345	0.0000	0.0000	0.0394	0.0000	0.0000
22540000	1941	un	174602	18	0.3332	0.0000	0.0000	0.0000	0.0000	0.0000	0.0000	0.0000	0.0000	0.0263	0.0000	0.0000	0.0254	0.0000	0.0000
22540000	2370	un	213212	18	0.4198	0.0000	0.0000	0.0000	0.0000	0.0000	0.0000	0.0000	0.0000	0.0222	0.0000	0.0000	0.0217	0.0000	0.0000
22540000	2661	un	239402	18	1.0000	0.0000	0.0000	0.0000	0.0000	0.0000	0.0000	0.0000	0.0000	0.3729	0.0000	0.0000	0.3660	0.0000	0.0000
22540000	2692	un	242192	18	0.2004	0.0000	0.0000	0.0000	0.0000	0.0000	0.0000	0.0000	0.0000	0.0104	0.0000	0.0000	0.0103	0.0000	0.0000
22540000	2828	un	254432	18	0.0490	0.0000	0.0000	0.0000	0.0000	0.0000	0.0000	0.0000	0.0000	0.0023	0.0000	0.0000	0.0022	0.0000	0.0000
22540000	3710	un	333812	18	1.0000	0.0000	0.0000	0.0000	0.0000	0.0000	0.0000	0.0000	0.0000	0.3668	0.0000	0.0000	0.3660	0.0000	0.0000
22540000	4403	un	396182	18	0.9845	0.0000	0.0000	0.0000	0.0000	0.0000	0.0000	0.0000	0.0000	0.3662	0.0000	0.0000	0.3654	0.0000	0.0000
22540000	6398	un	575732	18	0.2756	0.0000	0.0000	0.0000	0.0000	0.0000	0.0000	0.0000	0.0000	0.0315	0.0000	0.0000	0.0306	0.0000	0.0000
22540000	7469	un	672122	18	-0.0029	0.0000	0.0000	0.0000	0.0000	0.0000	0.0000	0.0000	0.0000	-0.0000	0.0000	0.0000	-0.0000	0.0000	0.0000
22540000	7615	un	685262	18	-0.0026	0.0000	0.0000	0.0000	0.0000	0.0000	0.0000	0.0000	0.0000	-0.0000	0.0000	0.0000	-0.0000	0.0000	0.0000
22540000	8211	un	738902	18	0.0781	0.0000	0.0000	0.0000	0.0000	0.0000	0.0000	0.0000	0.0000	0.0009	0.0000	0.0000	0.0009	0.0000	0.0000
22540000	8217	un	739442	18	1.0000	0.0000	0.0000	0.0000	0.0000	0.0000	0.0000	0.0000	0.0000	0.3765	0.0000	0.0000	0.3660	0.0000	0.0000
22540000	8394	un	755372	18	0.2985	0.0000	0.0000	0.0000	0.0000	0.0000	0.0000	0.0000	0.0000	0.0104	0.0000	0.0000	0.0112	0.0000	0.0000
22540000	9424	un	848072	18	1.0000	0.0000	0.0000	0.0000	0.0000	0.0000	0.0000	0.0000	0.0000	0.3750	0.0000	0.0000	0.3660	0.0000	0.0000
22540000	9621	un	865802	18	0.0624	0.0000	0.0000	0.0000	0.0000	0.0000	0.0000	0.0000	0.0000	0.0007	0.0000	0.0000	0.0007	0.0000	0.0000
22540000	9628	un	866432	18	-0.0006	0.0000	0.0000	0.0000	0.0000	0.0000	0.0000	0.0000	0.0000	-0.0000	0.0000	0.0000	-0.0000	0.0000	0.0000
22540000	9880	un	889112	18	0.2238	0.0000	0.0000	0.0000	0.0000	0.0000	0.0000	0.0000	0.0000	0.0148	0.0000	0.0000	0.0143	0.0000	0.0000
22540000	11163	un	1004582	18	0.1209	0.0000	0.0000	0.0000	0.0000	0.0000	0.0000	0.0000	0.0000	0.0022	0.0000	0.0000	0.0022	0.0000	0.0000
22540000	11991	un	1079102	18	0.0285	0.0000	0.0000	0.0000	0.0000	0.0000	0.0000	0.0000	0.0000	0.0005	0.0000	0.0000	0.0005	0.0000	0.0000
22540000	12766	un	1148852	18	0.0046	0.0000	0.0000	0.0000	0.0000	0.0000	0.0000	0.0000	0.0000	0.0000	0.0000	0.0000	0.0000	0.0000	0.0000
22540000	13496	un	1214552	18	0.2617	0.0000	0.0000	0.0000	0.0000	0.0000	0.0000	0.0000	0.0000	0.0092	0.0000	0.0000	0.0090	0.0000	0.0000
22540000	14335	un	1290062	18	1.0000	0.0000	0.0000	0.0000	0.0000	0.0000	0.0000	0.0000	0.0000	0.3631	0.0000	0.0000	0.3660	0.0000	0.0000
22540000	14394	un	1295372	18	-0.0013	0.0000	0.0000	0.0000	0.0000	0.0000	0.0000	0.0000	0.0000	-0.0000	0.0000	0.0000	-0.0000	0.0000	0.0000
22540000	14719	un	1324622	18	0.7246	0.0000	0.0000	0.0000	0.0000	0.0000	0.0000	0.0000	0.0000	0.1980	0.0000	0.0000	0.1879	0.0000	0.0000
22540000	15592	un	1403192	18	0.5524	0.0000	0.0000	0.0000	0.0000	0.0000	0.0000	0.0000	0.0000	0.0873	0.0000	0.0000	0.0892	0.0000	0.0000
22540000	16285	un	1465562	18	0.1793	0.0000	0.0000	0.0000	0.0000	0.0000	0.0000	0.0000	0.0000	0.0043	0.0000	0.0000	0.0044	0.0000	0.0000
22540000	17354	un	1561772	18	0.6116	0.0000	0.0000	0.0000	0.0000	0.0000	0.0000	0.0000	0.0000	0.1773	0.0000	0.0000	0.1739	0.0000	0.0000
22540000	18075	un	1626662	18	0.0202	0.0000	0.0000	0.0000	0.0000	0.0000	0.0000	0.0000	0.0000	0.0005	0.0000	0.0000	0.0005	0.0000	0.0000
22540000	18821	un	1693802	18	0.1033	0.0000	0.0000	0.0000	0.0000	0.0000	0.0000	0.0000	0.0000	0.0037	0.0000	0.0000	0.0037	0.0000	0.0000
22540000	19006	un	1710452	18	0.2793	0.0000	0.0000	0.0000	0.0000	0.0000	0.0000	0.0000	0.0000	0.0325	0.0000	0.0000	0.0324	0.0000	0.0000
22540000	19602	un	1764092	18	-0.0026	0.0000	0.0000	0.0000	0.0000	0.0000	0.0000	0.0000	0.0000	-0.0000	0.0000	0.0000	-0.0000	0.0000	0.0000
22540000	20143	un	1812782	18	-0.0019	0.0000	0.0000	0.0000	0.0000	0.0000	0.0000	0.0000	0.0000	-0.0000	0.0000	0.0000	-0.0000	0.0000	0.0000
22540000	21661	un	1949402	18	0.1567	0.0000	0.0000	0.0000	0.0000	0.0000	0.0000	0.0000	0.0000	0.0036	0.0000	0.0000	0.0036	0.0000	0.0000
22540000	22603	un	2034182	18	0.0511	0.0000	0.0000	0.0000	0.0000	0.0000	0.0000	0.0000	0.0000	0.0006	0.0000	0.0000	0.0006	0.0000	0.0000
22540000	25109	un	2259722	18	0.1209	0.0000	0.0000	0.0000	0.0000	0.0000	0.0000	0.0000	0.0000	0.0035	0.0000	0.0000	0.0035	0.0000	0.0000
22540000	25511	un	2295902	18	0.1570	0.0000	0.0000	0.0000	0.0000	0.0000	0.0000	0.0000	0.0000	0.0036	0.0000	0.0000	0.0036	0.0000	0.0000
22540000	26450	un	2380412	18	0.6716	0.0000	0.0000	0.0000	0.0000	0.0000	0.0000	0.0000	0.0000	0.1503	0.0000	0.0000	0.1481	0.0000	0.0000
22540000	26542	un	2388692	18	0.5138	0.0000	0.0000	0.0000	0.0000	0.0000	0.0000	0.0000	0.0000	0.2795	0.0000	0.0000	0.2769	0.0000	0.0000
22540000	26665	un	2399762	18	0.3292	0.0000	0.0000	0.0000	0.0000	0.0000	0.0000	0.0000	0.0000	0.0540	0.0000	0.0000	0.0536	0.0000	0.0000
22540000	26816	un	2413352	18	0.1019	0.0000	0.0000	0.0000	0.0000	0.0000	0.0000	0.0000	0.0000	0.0099	0.0000	0.0000	0.0096	0.0000	0.0000
22540000	27660	un	2489312	18	0.9061	0.0000	0.0000	0.0000	0.0000	0.0000	0.0000	0.0000	0.0000	0.3004	0.0000	0.0000	0.3138	0.0000	0.0000
22540000	29455	un	2650862	18	0.0107	0.0000	0.0000	0.0000	0.0000	0.0000	0.0000	0.0000	0.0000	0.0001	0.0000	0.0000	0.0000	0.0000	0.0000
22540000	29490	un	2654012	18	0.2069	0.0000	0.0000	0.0000	0.0000	0.0000	0.0000	0.0000	0.0000	0.0203	0.0000	0.0000	0.0193	0.0000	0.0000
22540000	30612	un	2754992	18	0.5292	0.0000	0.0000	0.0000	0.0000	0.0000	0.0000	0.0000	0.0000	0.0682	0.0000	0.0000	0.0665	0.0000	0.0000
22540000	30775	un	2769662	18	0.1927	0.0000	0.0000	0.0000	0.0000	0.0000	0.0000	0.0000	0.0000	0.0195	0.0000	0.0000	0.0192	0.0000	0.0000
22540000	30970	un	2787212	18	0.1027	0.0000	0.0000	0.0000	0.0000	0.0000	0.0000	0.0000	0.0000	0.0018	0.0000	0.0000	0.0018	0.0000	0.0000
22540000	31067	un	2795942	18	0.3022	0.0000	0.0000	0.0000	0.0000	0.0000	0.0000	0.0000	0.0000	0.0287	0.0000	0.0000	0.0280	0.0000	0.0000
22540000	31963	un	2876582	18	0.3150	0.0000	0.0000	0.0000	0.0000	0.0000	0.0000	0.0000	0.0000	0.0128	0.0000	0.0000	0.0126	0.0000	0.0000
22540000	32425	un	2918162	18	0.0511	0.0000	0.0000	0.0000	0.0000	0.0000	0.0000	0.0000	0.0000	0.0006	0.0000	0.0000	0.0006	0.0000	0.0000
22540000	32971	un	2967302	18	0.6295	0.0000	0.0000	0.0000	0.0000	0.0000	0.0000	0.0000	0.0000	0.0497	0.0000	0.0000	0.0469	0.0000	0.0000
22540000	33052	un	2974592	18	0.1047	0.0000	0.0000	0.0000	0.0000	0.0000	0.0000	0.0000	0.0000	0.0018	0.0000	0.0000	0.0018	0.0000	0.0000
22540000	33744	un	3036872	18	0.1221	0.0000	0.0000	0.0000	0.0000	0.0000	0.0000	0.0000	0.0000	0.0021	0.0000	0.0000	0.0022	0.0000	0.0000
22540000	34805	un	3132362	18	0.0763	0.0000	0.0000	0.0000	0.0000	0.0000	0.0000	0.0000	0.0000	0.0018	0.0000	0.0000	0.0017	0.0000	0.0000
22540000	35345	un	3180962	18	0.1800	0.0000	0.0000	0.0000	0.0000	0.0000	0.0000	0.0000	0.0000	0.0043	0.0000	0.0000	0.0044	0.0000	0.0000
22540000	35769	un	3219122	18	-0.0053	0.0000	0.0000	0.0000	0.0000	0.0000	0.0000	0.0000	0.0000	-0.0001	0.0000	0.0000	-0.0000	0.0000	0.0000
22540000	35965	un	3236762	18	-0.0019	0.0000	0.0000	0.0000	0.0000	0.0000	0.0000	0.0000	0.0000	-0.0000	0.0000	0.0000	-0.0000	0.0000	0.0000
22540000	36776	un	3309752	18	0.3237	0.0000	0.0000	0.0000	0.0000	0.0000	0.0000	0.0000	0.0000	0.0174	0.0000	0.0000	0.0168	0.0000	0.0000
22540000	39654	un	3568772	18	-0.0029	0.0000	0.0000	0.0000	0.0000	0.0000	0.0000	0.0000	0.0000	-0.0000	0.0000	0.0000	-0.0000	0.0000	0.0000
22540000	39686	un	3571652	18	0.8941	0.0000	0.0000	0.0000	0.0000	0.0000	0.0000	0.0000	0.0000	0.3152	0.0000	0.0000	0.3058	0.0000	0.0000
22540000	39700	un	3572912	18	-0.0013	0.0000	0.0000	0.0000	0.0000	0.0000	0.0000	0.0000	0.0000	-0.0000	0.0000	0.0000	-0.0000	0.0000	0.0000
22540000	40498	un	3644732	18	1.0000	0.0000	0.0000	0.0000	0.0000	0.0000	0.0000	0.0000	0.0000	0.3036	0.0000	0.0000	0.2941	0.0000	0.0000
22540000	40824	un	3674072	18	0.0511	0.0000	0.0000	0.0000	0.0000	0.0000	0.0000	0.0000	0.0000	0.0006	0.0000	0.0000	0.0006	0.0000	0.0000
22540000	41554	un	3739772	18	-0.0033	0.0000	0.0000	0.0000	0.0000	0.0000	0.0000	0.0000	0.0000	-0.0000	0.0000	0.0000	-0.0000	0.0000	0.0000
22540000	42204	un	3798272	18	0.5107	0.0000	0.0000	0.0000	0.0000	0.0000	0.0000	0.0000	0.0000	0.1007	0.0000	0.0000	0.0988	0.0000	0.0000
22540000	42440	un	3819512	18	1.0000	0.0000	0.0000	0.0000	0.0000	0.0000	0.0000	0.0000	0.0000	0.3683	0.0000	0.0000	0.3660	0.0000	0.0000
22540000	42501	un	3825002	18	0.0285	0.0000	0.0000	0.0000	0.0000	0.0000	0.0000	0.0000	0.0000	0.0005	0.0000	0.0000	0.0005	0.0000	0.0000
22540000	42989	un	3868922	18	0.0788	0.0000	0.0000	0.0000	0.0000	0.0000	0.0000	0.0000	0.0000	0.0009	0.0000	0.0000	0.0009	0.0000	0.0000
22540000	43057	un	3875042	18	0.7568	0.0000	0.0000	0.0000	0.0000	0.0000	0.0000	0.0000	0.0000	0.1305	0.0000	0.0000	0.1259	0.0000	0.0000
22540000	43522	un	3916892	18	1.0000	0.0000	0.0000	0.0000	0.0000	0.0000	0.0000	0.0000	0.0000	0.3705	0.0000	0.0000	0.3660	0.0000	0.0000
22540000	43754	un	3937772	18	0.5513	0.0000	0.0000	0.0000	0.0000	0.0000	0.0000	0.0000	0.0000	0.3025	0.0000	0.0000	0.3019	0.0000	0.0000
22540000	43836	un	3945152	18	0.8454	0.0000	0.0000	0.0000	0.0000	0.0000	0.0000	0.0000	0.0000	0.2365	0.0000	0.0000	0.2288	0.0000	0.0000
22540000	44295	un	3986462	18	-0.0029	0.0000	0.0000	0.0000	0.0000	0.0000	0.0000	0.0000	0.0000	-0.0000	0.0000	0.0000	-0.0000	0.0000	0.0000
22540000	44631	un	4016702	18	0.2093	0.0000	0.0000	0.0000	0.0000	0.0000	0.0000	0.0000	0.0000	0.0061	0.0000	0.0000	0.0060	0.0000	0.0000
22540000	45332	un	4079792	18	0.1059	0.0000	0.0000	0.0000	0.0000	0.0000	0.0000	0.0000	0.0000	0.0122	0.0000	0.0000	0.0122	0.0000	0.0000
22540000	45935	un	4134062	18	0.1562	0.0000	0.0000	0.0000	0.0000	0.0000	0.0000	0.0000	0.0000	0.0064	0.0000	0.0000	0.0063	0.0000	0.0000
22540000	45964	un	4136672	18	-0.0016	0.0000	0.0000	0.0000	0.0000	0.0000	0.0000	0.0000	0.0000	-0.0000	0.0000	0.0000	-0.0000	0.0000	0.0000
22540000	47772	un	4299392	18	0.3150	0.0000	0.0000	0.0000	0.0000	0.0000	0.0000	0.0000	0.0000	0.0128	0.0000	0.0000	0.0126	0.0000	0.0000
22540000	48505	un	4365362	18	-0.0016	0.0000	0.0000	0.0000	0.0000	0.0000	0.0000	0.0000	0.0000	-0.0000	0.0000	0.0000	-0.0000	0.0000	0.0000
22540000	49838	un	4485332	18	0.1034	0.0000	0.0000	0.0000	0.0000	0.0000	0.0000	0.0000	0.0000	0.0018	0.0000	0.0000	0.0018	0.0000	0.0000
22540000	50793	un	4571282	18	0.1551	0.0000	0.0000	0.0000	0.0000	0.0000	0.0000	0.0000	0.0000	0.0037	0.0000	0.0000	0.0036	0.0000	0.0000
22540000	50835	un	4575062	18	0.7010	0.0000	0.0000	0.0000	0.0000	0.0000	0.0000	0.0000	0.0000	0.3427	0.0000	0.0000	0.3474	0.0000	0.0000
22540000	50905	un	4581362	18	0.7934	0.0000	0.0000	0.0000	0.0000	0.0000	0.0000	0.0000	0.0000	0.1798	0.0000	0.0000	0.1827	0.0000	0.0000
22540000	51471	un	4632302	18	0.0514	0.0000	0.0000	0.0000	0.0000	0.0000	0.0000	0.0000	0.0000	0.0006	0.0000	0.0000	0.0006	0.0000	0.0000
22540000	52380	un	4714112	18	0.4113	0.0000	0.0000	0.0000	0.0000	0.0000	0.0000	0.0000	0.0000	0.0622	0.0000	0.0000	0.0640	0.0000	0.0000
22540000	52408	un	4716632	18	0.1567	0.0000	0.0000	0.0000	0.0000	0.0000	0.0000	0.0000	0.0000	0.0036	0.0000	0.0000	0.0036	0.0000	0.0000
22540000	53046	un	4774052	18	0.0303	0.0000	0.0000	0.0000	0.0000	0.0000	0.0000	0.0000	0.0000	0.0005	0.0000	0.0000	0.0005	0.0000	0.0000
22540000	53139	un	4782422	18	0.9402	0.0000	0.0000	0.0000	0.0000	0.0000	0.0000	0.0000	0.0000	0.3580	0.0000	0.0000	0.3507	0.0000	0.0000
22540000	53186	un	4786652	18	0.1528	0.0000	0.0000	0.0000	0.0000	0.0000	0.0000	0.0000	0.0000	0.0089	0.0000	0.0000	0.0088	0.0000	0.0000
22540000	53230	un	4790612	18	0.1037	0.0000	0.0000	0.0000	0.0000	0.0000	0.0000	0.0000	0.0000	0.0018	0.0000	0.0000	0.0018	0.0000	0.0000
22540000	53369	un	4803122	18	0.1432	0.0000	0.0000	0.0000	0.0000	0.0000	0.0000	0.0000	0.0000	0.0236	0.0000	0.0000	0.0240	0.0000	0.0000
22540000	53617	un	4825442	18	0.1516	0.0000	0.0000	0.0000	0.0000	0.0000	0.0000	0.0000	0.0000	0.0256	0.0000	0.0000	0.0257	0.0000	0.0000
22540000	53957	un	4856042	18	-0.0023	0.0000	0.0000	0.0000	0.0000	0.0000	0.0000	0.0000	0.0000	-0.0000	0.0000	0.0000	-0.0000	0.0000	0.0000
22540000	56503	un	5085182	18	0.8029	0.0000	0.0000	0.0000	0.0000	0.0000	0.0000	0.0000	0.0000	0.1977	0.0000	0.0000	0.1898	0.0000	0.0000
22540000	57376	un	5163752	18	0.9015	0.0000	0.0000	0.0000	0.0000	0.0000	0.0000	0.0000	0.0000	0.3205	0.0000	0.0000	0.3184	0.0000	0.0000
22540000	58003	un	5220182	18	0.0501	0.0000	0.0000	0.0000	0.0000	0.0000	0.0000	0.0000	0.0000	0.0006	0.0000	0.0000	0.0006	0.0000	0.0000
22540000	58412	un	5256992	18	-0.0013	0.0000	0.0000	0.0000	0.0000	0.0000	0.0000	0.0000	0.0000	-0.0000	0.0000	0.0000	-0.0000	0.0000	0.0000
22540000	58452	un	5260592	18	-0.0023	0.0000	0.0000	0.0000	0.0000	0.0000	0.0000	0.0000	0.0000	-0.0000	0.0000	0.0000	-0.0000	0.0000	0.0000
22540000	59409	un	5346722	18	-0.0009	0.0000	0.0000	0.0000	0.0000	0.0000	0.0000	0.0000	0.0000	-0.0000	0.0000	0.0000	-0.0000	0.0000	0.0000
22540000	60620	un	5455712	18	0.1570	0.0000	0.0000	0.0000	0.0000	0.0000	0.0000	0.0000	0.0000	0.0036	0.0000	0.0000	0.0036	0.0000	0.0000
22540000	60688	un	5461832	18	1.0000	0.0000	0.0000	0.0000	0.0000	0.0000	0.0000	0.0000	0.0000	0.3750	0.0000	0.0000	0.3660	0.0000	0.0000
22540000	61113	un	5500082	18	0.3639	0.0000	0.0000	0.0000	0.0000	0.0000	0.0000	0.0000	0.0000	0.0499	0.0000	0.0000	0.0486	0.0000	0.0000
22540000	61541	un	5538602	18	0.2611	0.0000	0.0000	0.0000	0.0000	0.0000	0.0000	0.0000	0.0000	0.0093	0.0000	0.0000	0.0090	0.0000	0.0000
22540000	61756	un	5557952	18	0.2626	0.0000	0.0000	0.0000	0.0000	0.0000	0.0000	0.0000	0.0000	0.0091	0.0000	0.0000	0.0090	0.0000	0.0000
22540000	62497	un	5624642	18	0.0750	0.0000	0.0000	0.0000	0.0000	0.0000	0.0000	0.0000	0.0000	0.0036	0.0000	0.0000	0.0036	0.0000	0.0000
22540000	63024	un	5672072	18	0.0514	0.0000	0.0000	0.0000	0.0000	0.0000	0.0000	0.0000	0.0000	0.0006	0.0000	0.0000	0.0006	0.0000	0.0000
22540000	63986	un	5758652	18	0.5027	0.0000	0.0000	0.0000	0.0000	0.0000	0.0000	0.0000	0.0000	0.1233	0.0000	0.0000	0.1224	0.0000	0.0000
22540000	64210	un	5778812	18	0.1557	0.0000	0.0000	0.0000	0.0000	0.0000	0.0000	0.0000	0.0000	0.0037	0.0000	0.0000	0.0036	0.0000	0.0000
22540000	64422	un	5797892	18	0.5020	0.0000	0.0000	0.0000	0.0000	0.0000	0.0000	0.0000	0.0000	0.0630	0.0000	0.0000	0.0609	0.0000	0.0000
22540000	64492	un	5804192	18	0.0454	0.0000	0.0000	0.0000	0.0000	0.0000	0.0000	0.0000	0.0000	0.0014	0.0000	0.0000	0.0014	0.0000	0.0000
22540000	67165	un	6044762	18	0.2413	0.0000	0.0000	0.0000	0.0000	0.0000	0.0000	0.0000	0.0000	0.0334	0.0000	0.0000	0.0327	0.0000	0.0000
22540000	67984	un	6118472	18	0.0756	0.0000	0.0000	0.0000	0.0000	0.0000	0.0000	0.0000	0.0000	0.0022	0.0000	0.0000	0.0022	0.0000	0.0000
22540000	68436	un	6159152	18	1.0000	0.0000	0.0000	0.0000	0.0000	0.0000	0.0000	0.0000	0.0000	0.3750	0.0000	0.0000	0.3660	0.0000	0.0000
22540000	69199	un	6227822	18	0.3231	0.0000	0.0000	0.0000	0.0000	0.0000	0.0000	0.0000	0.0000	0.0269	0.0000	0.0000	0.0270	0.0000	0.0000
22540000	71368	un	6423032	18	0.3126	0.0000	0.0000	0.0000	0.0000	0.0000	0.0000	0.0000	0.0000	0.0133	0.0000	0.0000	0.0126	0.0000	0.0000
22540000	71652	un	6448592	18	0.8078	0.0000	0.0000	0.0000	0.0000	0.0000	0.0000	0.0000	0.0000	0.2237	0.0000	0.0000	0.2327	0.0000	0.0000
22540000	71927	un	6473342	18	0.2087	0.0000	0.0000	0.0000	0.0000	0.0000	0.0000	0.0000	0.0000	0.0061	0.0000	0.0000	0.0060	0.0000	0.0000
22540000	72276	un	6504752	18	0.1031	0.0000	0.0000	0.0000	0.0000	0.0000	0.0000	0.0000	0.0000	0.0018	0.0000	0.0000	0.0018	0.0000	0.0000
22540000	73457	un	6611042	18	1.0000	0.0000	0.0000	0.0000	0.0000	0.0000	0.0000	0.0000	0.0000	0.3796	0.0000	0.0000	0.3660	0.0000	0.0000
22540000	73554	un	6619772	18	0.0504	0.0000	0.0000	0.0000	0.0000	0.0000	0.0000	0.0000	0.0000	0.0006	0.0000	0.0000	0.0006	0.0000	0.0000
22540000	74275	un	6684662	18	0.9236	0.0000	0.0000	0.0000	0.0000	0.0000	0.0000	0.0000	0.0000	0.3826	0.0000	0.0000	0.3772	0.0000	0.0000
22540000	74575	un	6711662	18	-0.0009	0.0000	0.0000	0.0000	0.0000	0.0000	0.0000	0.0000	0.0000	-0.0000	0.0000	0.0000	-0.0000	0.0000	0.0000
22540000	76172	un	6855392	18	0.6817	0.0000	0.0000	0.0000	0.0000	0.0000	0.0000	0.0000	0.0000	0.1499	0.0000	0.0000	0.1434	0.0000	0.0000
22540000	76504	un	6885272	18	0.2093	0.0000	0.0000	0.0000	0.0000	0.0000	0.0000	0.0000	0.0000	0.0061	0.0000	0.0000	0.0060	0.0000	0.0000
22540000	76561	un	6890402	18	0.3668	0.0000	0.0000	0.0000	0.0000	0.0000	0.0000	0.0000	0.0000	0.0174	0.0000	0.0000	0.0168	0.0000	0.0000
22540000	76597	un	6893642	18	0.3141	0.0000	0.0000	0.0000	0.0000	0.0000	0.0000	0.0000	0.0000	0.0130	0.0000	0.0000	0.0126	0.0000	0.0000
22540000	77288	un	6955832	18	0.3668	0.0000	0.0000	0.0000	0.0000	0.0000	0.0000	0.0000	0.0000	0.0174	0.0000	0.0000	0.0168	0.0000	0.0000
22540000	77346	un	6961052	18	0.0874	0.0000	0.0000	0.0000	0.0000	0.0000	0.0000	0.0000	0.0000	0.0020	0.0000	0.0000	0.0021	0.0000	0.0000
22540000	77652	un	6988592	18	0.4079	0.0000	0.0000	0.0000	0.0000	0.0000	0.0000	0.0000	0.0000	0.0941	0.0000	0.0000	0.0921	0.0000	0.0000
22540000	77780	un	7000112	18	0.9591	0.0000	0.0000	0.0000	0.0000	0.0000	0.0000	0.0000	0.0000	0.3661	0.0000	0.0000	0.3654	0.0000	0.0000
22540000	78631	un	7076702	18	0.1765	0.0000	0.0000	0.0000	0.0000	0.0000	0.0000	0.0000	0.0000	0.0075	0.0000	0.0000	0.0077	0.0000	0.0000
22540000	79925	un	7193162	18	0.5328	0.0000	0.0000	0.0000	0.0000	0.0000	0.0000	0.0000	0.0000	0.0498	0.0000	0.0000	0.0490	0.0000	0.0000
22540000	80195	un	7217462	18	0.2508	0.0000	0.0000	0.0000	0.0000	0.0000	0.0000	0.0000	0.0000	0.0430	0.0000	0.0000	0.0415	0.0000	0.0000
22540000	80302	un	7227092	18	0.6030	0.0000	0.0000	0.0000	0.0000	0.0000	0.0000	0.0000	0.0000	0.1710	0.0000	0.0000	0.1664	0.0000	0.0000
22540000	80366	un	7232852	18	-0.0029	0.0000	0.0000	0.0000	0.0000	0.0000	0.0000	0.0000	0.0000	-0.0000	0.0000	0.0000	-0.0000	0.0000	0.0000
22540000	80499	un	7244822	18	0.1198	0.0000	0.0000	0.0000	0.0000	0.0000	0.0000	0.0000	0.0000	0.0035	0.0000	0.0000	0.0035	0.0000	0.0000
22540000	81141	un	7302602	18	-0.0016	0.0000	0.0000	0.0000	0.0000	0.0000	0.0000	0.0000	0.0000	-0.0000	0.0000	0.0000	-0.0000	0.0000	0.0000
22540000	81390	un	7325012	18	0.9706	0.0000	0.0000	0.0000	0.0000	0.0000	0.0000	0.0000	0.0000	0.3751	0.0000	0.0000	0.3652	0.0000	0.0000
22540000	81662	un	7349492	18	0.0120	0.0000	0.0000	0.0000	0.0000	0.0000	0.0000	0.0000	0.0000	0.0001	0.0000	0.0000	0.0000	0.0000	0.0000
22540000	81746	un	7357052	18	0.9706	0.0000	0.0000	0.0000	0.0000	0.0000	0.0000	0.0000	0.0000	0.3549	0.0000	0.0000	0.3520	0.0000	0.0000
22540000	81969	un	7377122	18	1.0000	0.0000	0.0000	0.0000	0.0000	0.0000	0.0000	0.0000	0.0000	0.3720	0.0000	0.0000	0.3660	0.0000	0.0000
22540000	82002	un	7380092	18	0.2931	0.0000	0.0000	0.0000	0.0000	0.0000	0.0000	0.0000	0.0000	0.0225	0.0000	0.0000	0.0220	0.0000	0.0000
22540000	82526	un	7427252	18	0.1561	0.0000	0.0000	0.0000	0.0000	0.0000	0.0000	0.0000	0.0000	0.0037	0.0000	0.0000	0.0036	0.0000	0.0000
22540000	82631	un	7436702	18	-0.0029	0.0000	0.0000	0.0000	0.0000	0.0000	0.0000	0.0000	0.0000	-0.0000	0.0000	0.0000	-0.0000	0.0000	0.0000
22540000	82827	un	7454342	18	0.9701	0.0000	0.0000	0.0000	0.0000	0.0000	0.0000	0.0000	0.0000	0.3555	0.0000	0.0000	0.3505	0.0000	0.0000
22540000	83084	un	7477472	18	1.0000	0.0000	0.0000	0.0000	0.0000	0.0000	0.0000	0.0000	0.0000	0.3735	0.0000	0.0000	0.3660	0.0000	0.0000
22540000	83247	un	7492142	18	0.1460	0.0000	0.0000	0.0000	0.0000	0.0000	0.0000	0.0000	0.0000	0.0069	0.0000	0.0000	0.0067	0.0000	0.0000
22540000	83745	un	7536962	18	0.9441	0.0000	0.0000	0.0000	0.0000	0.0000	0.0000	0.0000	0.0000	0.3732	0.0000	0.0000	0.3674	0.0000	0.0000
22540000	83762	un	7538492	18	0.0043	0.0000	0.0000	0.0000	0.0000	0.0000	0.0000	0.0000	0.0000	0.0000	0.0000	0.0000	0.0000	0.0000	0.0000
22540000	83916	un	7552352	18	0.3144	0.0000	0.0000	0.0000	0.0000	0.0000	0.0000	0.0000	0.0000	0.0129	0.0000	0.0000	0.0126	0.0000	0.0000
22540000	83938	un	7554332	18	1.0000	0.0000	0.0000	0.0000	0.0000	0.0000	0.0000	0.0000	0.0000	0.3750	0.0000	0.0000	0.3660	0.0000	0.0000
22540000	84971	un	7647302	18	0.0303	0.0000	0.0000	0.0000	0.0000	0.0000	0.0000	0.0000	0.0000	0.0005	0.0000	0.0000	0.0005	0.0000	0.0000
22540000	85247	un	7672142	18	0.0033	0.0000	0.0000	0.0000	0.0000	0.0000	0.0000	0.0000	0.0000	0.0000	0.0000	0.0000	0.0000	0.0000	0.0000
22540000	85248	un	7672232	18	0.2393	0.0000	0.0000	0.0000	0.0000	0.0000	0.0000	0.0000	0.0000	0.0070	0.0000	0.0000	0.0074	0.0000	0.0000
22540000	85402	un	7686092	18	-0.0026	0.0000	0.0000	0.0000	0.0000	0.0000	0.0000	0.0000	0.0000	-0.0000	0.0000	0.0000	-0.0000	0.0000	0.0000
22540000	86031	un	7742702	18	0.7298	0.0000	0.0000	0.0000	0.0000	0.0000	0.0000	0.0000	0.0000	0.3505	0.0000	0.0000	0.3497	0.0000	0.0000
22540000	86155	un	7753862	18	-0.0040	0.0000	0.0000	0.0000	0.0000	0.0000	0.0000	0.0000	0.0000	-0.0000	0.0000	0.0000	-0.0000	0.0000	0.0000
22540000	86588	un	7792832	18	-0.0023	0.0000	0.0000	0.0000	0.0000	0.0000	0.0000	0.0000	0.0000	-0.0000	0.0000	0.0000	-0.0000	0.0000	0.0000
22540000	87070	un	7836212	18	0.0511	0.0000	0.0000	0.0000	0.0000	0.0000	0.0000	0.0000	0.0000	0.0006	0.0000	0.0000	0.0006	0.0000	0.0000
22540000	87441	un	7869602	18	0.2384	0.0000	0.0000	0.0000	0.0000	0.0000	0.0000	0.0000	0.0000	0.0071	0.0000	0.0000	0.0074	0.0000	0.0000
22540000	87747	un	7897142	18	0.1031	0.0000	0.0000	0.0000	0.0000	0.0000	0.0000	0.0000	0.0000	0.0018	0.0000	0.0000	0.0018	0.0000	0.0000
22540000	87867	un	7907942	18	1.0000	0.0000	0.0000	0.0000	0.0000	0.0000	0.0000	0.0000	0.0000	0.3616	0.0000	0.0000	0.3660	0.0000	0.0000
22540000	88455	un	7960862	18	0.1697	0.0000	0.0000	0.0000	0.0000	0.0000	0.0000	0.0000	0.0000	0.0060	0.0000	0.0000	0.0058	0.0000	0.0000
22540000	89005	un	8010362	18	0.1570	0.0000	0.0000	0.0000	0.0000	0.0000	0.0000	0.0000	0.0000	0.0036	0.0000	0.0000	0.0036	0.0000	0.0000
22540000	89213	un	8029082	18	-0.0023	0.0000	0.0000	0.0000	0.0000	0.0000	0.0000	0.0000	0.0000	-0.0000	0.0000	0.0000	-0.0000	0.0000	0.0000
22540000	89244	un	8031872	18	1.0000	0.0000	0.0000	0.0000	0.0000	0.0000	0.0000	0.0000	0.0000	0.3750	0.0000	0.0000	0.3660	0.0000	0.0000
22540000	90511	un	8145902	18	0.4351	0.0000	0.0000	0.0000	0.0000	0.0000	0.0000	0.0000	0.0000	0.0766	0.0000	0.0000	0.0752	0.0000	0.0000
22540000	91322	un	8218892	18	-0.0013	0.0000	0.0000	0.0000	0.0000	0.0000	0.0000	0.0000	0.0000	-0.0000	0.0000	0.0000	-0.0000	0.0000	0.0000
22540000	91903	un	8271182	18	0.3982	0.0000	0.0000	0.0000	0.0000	0.0000	0.0000	0.0000	0.0000	0.0556	0.0000	0.0000	0.0551	0.0000	0.0000
22540000	92524	un	8327072	18	0.3144	0.0000	0.0000	0.0000	0.0000	0.0000	0.0000	0.0000	0.0000	0.0129	0.0000	0.0000	0.0126	0.0000	0.0000
22540000	92533	un	8327882	18	0.0029	0.0000	0.0000	0.0000	0.0000	0.0000	0.0000	0.0000	0.0000	0.0000	0.0000	0.0000	0.0000	0.0000	0.0000
22540000	92792	un	8351192	18	0.3032	0.0000	0.0000	0.0000	0.0000	0.0000	0.0000	0.0000	0.0000	0.0395	0.0000	0.0000	0.0388	0.0000	0.0000
22540000	93214	un	8389172	18	0.1203	0.0000	0.0000	0.0000	0.0000	0.0000	0.0000	0.0000	0.0000	0.0086	0.0000	0.0000	0.0086	0.0000	0.0000
22540000	93423	un	8407982	18	1.0000	0.0000	0.0000	0.0000	0.0000	0.0000	0.0000	0.0000	0.0000	0.3631	0.0000	0.0000	0.3660	0.0000	0.0000
22540000	93475	un	8412662	18	0.2094	0.0000	0.0000	0.0000	0.0000	0.0000	0.0000	0.0000	0.0000	0.0061	0.0000	0.0000	0.0060	0.0000	0.0000
22540000	93870	un	8448212	18	0.0033	0.0000	0.0000	0.0000	0.0000	0.0000	0.0000	0.0000	0.0000	0.0000	0.0000	0.0000	0.0000	0.0000	0.0000
22540000	95726	un	8615252	18	0.4047	0.0000	0.0000	0.0000	0.0000	0.0000	0.0000	0.0000	0.0000	0.2554	0.0000	0.0000	0.2518	0.0000	0.0000
22540000	95749	un	8617322	18	0.0763	0.0000	0.0000	0.0000	0.0000	0.0000	0.0000	0.0000	0.0000	0.0022	0.0000	0.0000	0.0022	0.0000	0.0000
22540000	97419	un	8767622	18	0.2090	0.0000	0.0000	0.0000	0.0000	0.0000	0.0000	0.0000	0.0000	0.0061	0.0000	0.0000	0.0060	0.0000	0.0000
22540000	97888	un	8809832	18	0.4198	0.0000	0.0000	0.0000	0.0000	0.0000	0.0000	0.0000	0.0000	0.0222	0.0000	0.0000	0.0217	0.0000	0.0000
22540000	98167	un	8834942	18	0.0372	0.0000	0.0000	0.0000	0.0000	0.0000	0.0000	0.0000	0.0000	0.0007	0.0000	0.0000	0.0007	0.0000	0.0000
22540000	98686	un	8881652	18	0.8781	0.0000	0.0000	0.0000	0.0000	0.0000	0.0000	0.0000	0.0000	0.3034	0.0000	0.0000	0.2982	0.0000	0.0000
22540000	98688	un	8881832	18	0.2096	0.0000	0.0000	0.0000	0.0000	0.0000	0.0000	0.0000	0.0000	0.0061	0.0000	0.0000	0.0060	0.0000	0.0000
22540000	98988	un	8908832	18	-0.0019	0.0000	0.0000	0.0000	0.0000	0.0000	0.0000	0.0000	0.0000	-0.0000	0.0000	0.0000	-0.0000	0.0000	0.0000
22540000	100555	un	9049862	18	0.3217	0.0000	0.0000	0.0000	0.0000	0.0000	0.0000	0.0000	0.0000	0.0404	0.0000	0.0000	0.0393	0.0000	0.0000
22540000	100662	un	9059492	18	1.0000	0.0000	0.0000	0.0000	0.0000	0.0000	0.0000	0.0000	0.0000	0.1906	0.0000	0.0000	0.2092	0.0000	0.0000
22540000	102882	un	9259292	18	1.0000	0.0000	0.0000	0.0000	0.0000	0.0000	0.0000	0.0000	0.0000	0.3714	0.0000	0.0000	0.3660	0.0000	0.0000
22540000	103807	un	9342542	18	0.0765	0.0000	0.0000	0.0000	0.0000	0.0000	0.0000	0.0000	0.0000	0.0009	0.0000	0.0000	0.0009	0.0000	0.0000
22540000	103824	un	9344072	18	0.1240	0.0000	0.0000	0.0000	0.0000	0.0000	0.0000	0.0000	0.0000	0.0051	0.0000	0.0000	0.0050	0.0000	0.0000
22540000	103851	un	9346502	18	0.1205	0.0000	0.0000	0.0000	0.0000	0.0000	0.0000	0.0000	0.0000	0.0035	0.0000	0.0000	0.0035	0.0000	0.0000
22540000	103986	un	9358652	18	0.3797	0.0000	0.0000	0.0000	0.0000	0.0000	0.0000	0.0000	0.0000	0.0357	0.0000	0.0000	0.0350	0.0000	0.0000
22540000	104016	un	9361352	18	0.7139	0.0000	0.0000	0.0000	0.0000	0.0000	0.0000	0.0000	0.0000	0.5823	0.0000	0.0000	0.5783	0.0000	0.0000
22540000	104421	un	9397802	18	1.0000	0.0000	0.0000	0.0000	0.0000	0.0000	0.0000	0.0000	0.0000	0.3693	0.0000	0.0000	0.3660	0.0000	0.0000
22540000	105049	un	9454322	18	0.7661	0.0000	0.0000	0.0000	0.0000	0.0000	0.0000	0.0000	0.0000	0.0641	0.0000	0.0000	0.0675	0.0000	0.0000
22540000	105491	un	9494102	18	0.5269	0.0000	0.0000	0.0000	0.0000	0.0000	0.0000	0.0000	0.0000	0.0710	0.0000	0.0000	0.0736	0.0000	0.0000
22540000	107229	un	9650522	18	-0.0029	0.0000	0.0000	0.0000	0.0000	0.0000	0.0000	0.0000	0.0000	-0.0000	0.0000	0.0000	-0.0000	0.0000	0.0000
22540000	107357	un	9662042	18	0.6727	0.0000	0.0000	0.0000	0.0000	0.0000	0.0000	0.0000	0.0000	0.1913	0.0000	0.0000	0.1860	0.0000	0.0000
22540000	107856	un	9706952	18	0.3306	0.0000	0.0000	0.0000	0.0000	0.0000	0.0000	0.0000	0.0000	0.0788	0.0000	0.0000	0.0773	0.0000	0.0000
22540000	107927	un	9713342	18	0.3431	0.0000	0.0000	0.0000	0.0000	0.0000	0.0000	0.0000	0.0000	0.0270	0.0000	0.0000	0.0265	0.0000	0.0000
22540000	108043	un	9723782	18	0.0621	0.0000	0.0000	0.0000	0.0000	0.0000	0.0000	0.0000	0.0000	0.0007	0.0000	0.0000	0.0007	0.0000	0.0000
22540000	108049	un	9724322	18	0.0222	0.0000	0.0000	0.0000	0.0000	0.0000	0.0000	0.0000	0.0000	0.0001	0.0000	0.0000	-0.0000	0.0000	0.0000
22540000	108366	un	9752852	18	0.1037	0.0000	0.0000	0.0000	0.0000	0.0000	0.0000	0.0000	0.0000	0.0018	0.0000	0.0000	0.0018	0.0000	0.0000
22540000	108403	un	9756182	18	0.0039	0.0000	0.0000	0.0000	0.0000	0.0000	0.0000	0.0000	0.0000	0.0000	0.0000	0.0000	0.0000	0.0000	0.0000
22540000	108698	un	9782732	18	1.0000	0.0000	0.0000	0.0000	0.0000	0.0000	0.0000	0.0000	0.0000	0.3796	0.0000	0.0000	0.3660	0.0000	0.0000
22540000	109128	un	9821432	18	1.0000	0.0000	0.0000	0.0000	0.0000	0.0000	0.0000	0.0000	0.0000	0.3631	0.0000	0.0000	0.3660	0.0000	0.0000
22540000	109283	un	9835382	18	0.2688	0.0000	0.0000	0.0000	0.0000	0.0000	0.0000	0.0000	0.0000	0.0565	0.0000	0.0000	0.0558	0.0000	0.0000
22540000	109527	un	9857342	18	0.3555	0.0000	0.0000	0.0000	0.0000	0.0000	0.0000	0.0000	0.0000	0.0151	0.0000	0.0000	0.0157	0.0000	0.0000
22540000	109804	un	9882272	18	0.0511	0.0000	0.0000	0.0000	0.0000	0.0000	0.0000	0.0000	0.0000	0.0006	0.0000	0.0000	0.0006	0.0000	0.0000
22540000	110529	un	9947522	18	1.0000	0.0000	0.0000	0.0000	0.0000	0.0000	0.0000	0.0000	0.0000	0.3765	0.0000	0.0000	0.3660	0.0000	0.0000
22540000	110767	un	9968942	18	0.8723	0.0000	0.0000	0.0000	0.0000	0.0000	0.0000	0.0000	0.0000	0.2258	0.0000	0.0000	0.2151	0.0000	0.0000
22540000	111772	un	10059392	18	0.7900	0.0000	0.0000	0.0000	0.0000	0.0000	0.0000	0.0000	0.0000	0.0834	0.0000	0.0000	0.0886	0.0000	0.0000
22540000	112087	un	10087742	18	0.7889	0.0000	0.0000	0.0000	0.0000	0.0000	0.0000	0.0000	0.0000	0.3846	0.0000	0.0000	0.3782	0.0000	0.0000
22540000	112614	un	10135172	18	0.2611	0.0000	0.0000	0.0000	0.0000	0.0000	0.0000	0.0000	0.0000	0.0093	0.0000	0.0000	0.0090	0.0000	0.0000
22540000	112906	un	10161452	18	0.1249	0.0000	0.0000	0.0000	0.0000	0.0000	0.0000	0.0000	0.0000	0.0135	0.0000	0.0000	0.0134	0.0000	0.0000
22540000	113116	un	10180352	18	0.9472	0.0000	0.0000	0.0000	0.0000	0.0000	0.0000	0.0000	0.0000	0.1038	0.0000	0.0000	0.1006	0.0000	0.0000
22540000	113735	un	10236062	18	-0.0033	0.0000	0.0000	0.0000	0.0000	0.0000	0.0000	0.0000	0.0000	-0.0000	0.0000	0.0000	-0.0000	0.0000	0.0000
22540000	113780	un	10240112	18	0.5359	0.0000	0.0000	0.0000	0.0000	0.0000	0.0000	0.0000	0.0000	0.1004	0.0000	0.0000	0.0975	0.0000	0.0000
22540000	114851	un	10336502	18	0.7882	0.0000	0.0000	0.0000	0.0000	0.0000	0.0000	0.0000	0.0000	0.4599	0.0000	0.0000	0.4616	0.0000	0.0000
22540000	115028	un	10352432	18	-0.0019	0.0000	0.0000	0.0000	0.0000	0.0000	0.0000	0.0000	0.0000	-0.0000	0.0000	0.0000	-0.0000	0.0000	0.0000
22540000	115179	un	10366022	18	0.0478	0.0000	0.0000	0.0000	0.0000	0.0000	0.0000	0.0000	0.0000	0.0008	0.0000	0.0000	0.0009	0.0000	0.0000
22540000	115570	un	10401212	18	0.1367	0.0000	0.0000	0.0000	0.0000	0.0000	0.0000	0.0000	0.0000	0.0205	0.0000	0.0000	0.0200	0.0000	0.0000
22540000	116535	un	10488062	18	0.4720	0.0000	0.0000	0.0000	0.0000	0.0000	0.0000	0.0000	0.0000	0.0281	0.0000	0.0000	0.0271	0.0000	0.0000
22540000	116753	un	10507682	18	0.0758	0.0000	0.0000	0.0000	0.0000	0.0000	0.0000	0.0000	0.0000	0.0009	0.0000	0.0000	0.0009	0.0000	0.0000
22540000	116903	un	10521182	18	1.0000	0.0000	0.0000	0.0000	0.0000	0.0000	0.0000	0.0000	0.0000	0.3631	0.0000	0.0000	0.3660	0.0000	0.0000
22540000	116931	un	10523702	18	0.0029	0.0000	0.0000	0.0000	0.0000	0.0000	0.0000	0.0000	0.0000	0.0000	0.0000	0.0000	0.0000	0.0000	0.0000
22540000	116938	un	10524332	18	0.1066	0.0000	0.0000	0.0000	0.0000	0.0000	0.0000	0.0000	0.0000	0.0076	0.0000	0.0000	0.0075	0.0000	0.0000
22540000	117686	un	10591652	18	0.1204	0.0000	0.0000	0.0000	0.0000	0.0000	0.0000	0.0000	0.0000	0.0102	0.0000	0.0000	0.0112	0.0000	0.0000
22540000	117797	un	10601642	18	0.2090	0.0000	0.0000	0.0000	0.0000	0.0000	0.0000	0.0000	0.0000	0.0061	0.0000	0.0000	0.0060	0.0000	0.0000
22540000	122302	un	11007092	18	0.0999	0.0000	0.0000	0.0000	0.0000	0.0000	0.0000	0.0000	0.0000	0.0019	0.0000	0.0000	0.0018	0.0000	0.0000
22540000	122942	un	11064692	18	0.3888	0.0000	0.0000	0.0000	0.0000	0.0000	0.0000	0.0000	0.0000	0.0355	0.0000	0.0000	0.0369	0.0000	0.0000
22540000	123190	un	11087012	18	0.1564	0.0000	0.0000	0.0000	0.0000	0.0000	0.0000	0.0000	0.0000	0.0036	0.0000	0.0000	0.0036	0.0000	0.0000
22540000	123271	un	11094302	18	0.0610	0.0000	0.0000	0.0000	0.0000	0.0000	0.0000	0.0000	0.0000	0.0025	0.0000	0.0000	0.0025	0.0000	0.0000
22540000	124147	un	11173142	18	0.1043	0.0000	0.0000	0.0000	0.0000	0.0000	0.0000	0.0000	0.0000	0.0018	0.0000	0.0000	0.0018	0.0000	0.0000
22540000	124184	un	11176472	18	0.3132	0.0000	0.0000	0.0000	0.0000	0.0000	0.0000	0.0000	0.0000	0.0132	0.0000	0.0000	0.0126	0.0000	0.0000
22540000	124649	un	11218322	18	0.2059	0.0000	0.0000	0.0000	0.0000	0.0000	0.0000	0.0000	0.0000	0.0198	0.0000	0.0000	0.0200	0.0000	0.0000
22540000	125130	un	11261612	18	0.2605	0.0000	0.0000	0.0000	0.0000	0.0000	0.0000	0.0000	0.0000	0.0094	0.0000	0.0000	0.0090	0.0000	0.0000
22540000	125404	un	11286272	18	0.2096	0.0000	0.0000	0.0000	0.0000	0.0000	0.0000	0.0000	0.0000	0.0061	0.0000	0.0000	0.0060	0.0000	0.0000
22540000	125436	un	11289152	18	0.1278	0.0000	0.0000	0.0000	0.0000	0.0000	0.0000	0.0000	0.0000	0.0076	0.0000	0.0000	0.0077	0.0000	0.0000
22540000	125987	un	11338742	18	0.4201	0.0000	0.0000	0.0000	0.0000	0.0000	0.0000	0.0000	0.0000	0.0221	0.0000	0.0000	0.0217	0.0000	0.0000
22540000	126013	un	11341082	18	0.0732	0.0000	0.0000	0.0000	0.0000	0.0000	0.0000	0.0000	0.0000	0.0017	0.0000	0.0000	0.0017	0.0000	0.0000
22540000	126137	un	11352242	18	-0.0023	0.0000	0.0000	0.0000	0.0000	0.0000	0.0000	0.0000	0.0000	-0.0000	0.0000	0.0000	-0.0000	0.0000	0.0000
22540000	126845	un	11415962	18	-0.0029	0.0000	0.0000	0.0000	0.0000	0.0000	0.0000	0.0000	0.0000	-0.0000	0.0000	0.0000	-0.0000	0.0000	0.0000
22540000	127141	un	11442602	18	1.0000	0.0000	0.0000	0.0000	0.0000	0.0000	0.0000	0.0000	0.0000	0.3735	0.0000	0.0000	0.3660	0.0000	0.0000
22540000	127512	un	11475992	18	0.1040	0.0000	0.0000	0.0000	0.0000	0.0000	0.0000	0.0000	0.0000	0.0018	0.0000	0.0000	0.0018	0.0000	0.0000
22540000	127692	un	11492192	18	0.0511	0.0000	0.0000	0.0000	0.0000	0.0000	0.0000	0.0000	0.0000	0.0006	0.0000	0.0000	0.0006	0.0000	0.0000
22540000	128195	un	11537462	18	0.1854	0.0000	0.0000	0.0000	0.0000	0.0000	0.0000	0.0000	0.0000	0.0270	0.0000	0.0000	0.0274	0.0000	0.0000
22540000	128198	un	11537732	18	0.0784	0.0000	0.0000	0.0000	0.0000	0.0000	0.0000	0.0000	0.0000	0.0028	0.0000	0.0000	0.0030	0.0000	0.0000
22540000	128275	un	11544662	18	0.9012	0.0000	0.0000	0.0000	0.0000	0.0000	0.0000	0.0000	0.0000	0.3704	0.0000	0.0000	0.3679	0.0000	0.0000
22540000	128423	un	11557982	18	0.0123	0.0000	0.0000	0.0000	0.0000	0.0000	0.0000	0.0000	0.0000	0.0001	0.0000	0.0000	0.0000	0.0000	0.0000
22540000	129860	un	11687312	18	0.6393	0.0000	0.0000	0.0000	0.0000	0.0000	0.0000	0.0000	0.0000	0.1521	0.0000	0.0000	0.1520	0.0000	0.0000
22540000	130334	un	11729972	18	0.5784	0.0000	0.0000	0.0000	0.0000	0.0000	0.0000	0.0000	0.0000	0.0403	0.0000	0.0000	0.0397	0.0000	0.0000
22540000	130695	un	11762462	18	0.1530	0.0000	0.0000	0.0000	0.0000	0.0000	0.0000	0.0000	0.0000	0.0170	0.0000	0.0000	0.0171	0.0000	0.0000
22540000	131379	un	11824022	18	0.4843	0.0000	0.0000	0.0000	0.0000	0.0000	0.0000	0.0000	0.0000	0.0567	0.0000	0.0000	0.0555	0.0000	0.0000
22540000	131572	un	11841392	18	0.0514	0.0000	0.0000	0.0000	0.0000	0.0000	0.0000	0.0000	0.0000	0.0006	0.0000	0.0000	0.0006	0.0000	0.0000
22540000	132199	un	11897822	18	0.4195	0.0000	0.0000	0.0000	0.0000	0.0000	0.0000	0.0000	0.0000	0.0224	0.0000	0.0000	0.0217	0.0000	0.0000
22540000	132492	un	11924192	18	0.6419	0.0000	0.0000	0.0000	0.0000	0.0000	0.0000	0.0000	0.0000	0.0788	0.0000	0.0000	0.0893	0.0000	0.0000
22540000	132961	un	11966402	18	0.8117	0.0000	0.0000	0.0000	0.0000	0.0000	0.0000	0.0000	0.0000	0.2211	0.0000	0.0000	0.2227	0.0000	0.0000
22540000	133550	un	12019412	18	0.3583	0.0000	0.0000	0.0000	0.0000	0.0000	0.0000	0.0000	0.0000	0.1075	0.0000	0.0000	0.1044	0.0000	0.0000
22540000	134190	un	12077012	18	0.5013	0.0000	0.0000	0.0000	0.0000	0.0000	0.0000	0.0000	0.0000	0.0543	0.0000	0.0000	0.0519	0.0000	0.0000
22540000	134657	un	12119042	18	1.0000	0.0000	0.0000	0.0000	0.0000	0.0000	0.0000	0.0000	0.0000	0.3646	0.0000	0.0000	0.3660	0.0000	0.0000
22540000	134917	un	12142442	18	0.5903	0.0000	0.0000	0.0000	0.0000	0.0000	0.0000	0.0000	0.0000	0.0754	0.0000	0.0000	0.0738	0.0000	0.0000
22540000	135566	un	12200852	18	0.0022	0.0000	0.0000	0.0000	0.0000	0.0000	0.0000	0.0000	0.0000	0.0000	0.0000	0.0000	0.0000	0.0000	0.0000
22540000	135761	un	12218402	18	0.0470	0.0000	0.0000	0.0000	0.0000	0.0000	0.0000	0.0000	0.0000	0.0009	0.0000	0.0000	0.0009	0.0000	0.0000
22540000	137191	un	12347102	18	0.2744	0.0000	0.0000	0.0000	0.0000	0.0000	0.0000	0.0000	0.0000	0.0216	0.0000	0.0000	0.0207	0.0000	0.0000
22540000	137219	un	12349622	18	0.0030	0.0000	0.0000	0.0000	0.0000	0.0000	0.0000	0.0000	0.0000	0.0000	0.0000	0.0000	-0.0000	0.0000	0.0000
22540000	137358	un	12362132	18	0.6331	0.0000	0.0000	0.0000	0.0000	0.0000	0.0000	0.0000	0.0000	0.1446	0.0000	0.0000	0.1416	0.0000	0.0000
22540000	138614	un	12475172	18	0.4786	0.0000	0.0000	0.0000	0.0000	0.0000	0.0000	0.0000	0.0000	0.0501	0.0000	0.0000	0.0494	0.0000	0.0000
22540000	139081	un	12517202	18	-0.0050	0.0000	0.0000	0.0000	0.0000	0.0000	0.0000	0.0000	0.0000	-0.0001	0.0000	0.0000	-0.0000	0.0000	0.0000
22540000	139084	un	12517472	18	0.0752	0.0000	0.0000	0.0000	0.0000	0.0000	0.0000	0.0000	0.0000	0.0022	0.0000	0.0000	0.0022	0.0000	0.0000
22540000	139433	un	12548882	18	0.0517	0.0000	0.0000	0.0000	0.0000	0.0000	0.0000	0.0000	0.0000	0.0006	0.0000	0.0000	0.0006	0.0000	0.0000
22540000	139625	un	12566162	18	0.8364	0.0000	0.0000	0.0000	0.0000	0.0000	0.0000	0.0000	0.0000	0.1653	0.0000	0.0000	0.1595	0.0000	0.0000
22540000	140063	un	12605582	18	0.1017	0.0000	0.0000	0.0000	0.0000	0.0000	0.0000	0.0000	0.0000	0.0018	0.0000	0.0000	0.0018	0.0000	0.0000
22540000	140194	un	12617372	18	-0.0013	0.0000	0.0000	0.0000	0.0000	0.0000	0.0000	0.0000	0.0000	-0.0000	0.0000	0.0000	-0.0000	0.0000	0.0000
22540000	141313	un	12718082	18	0.1034	0.0000	0.0000	0.0000	0.0000	0.0000	0.0000	0.0000	0.0000	0.0018	0.0000	0.0000	0.0018	0.0000	0.0000
22540000	141892	un	12770192	18	0.5342	0.0000	0.0000	0.0000	0.0000	0.0000	0.0000	0.0000	0.0000	0.0857	0.0000	0.0000	0.0880	0.0000	0.0000
22540000	141897	un	12770642	18	1.0000	0.0000	0.0000	0.0000	0.0000	0.0000	0.0000	0.0000	0.0000	0.3616	0.0000	0.0000	0.3660	0.0000	0.0000
22540000	143267	un	12893942	18	0.0627	0.0000	0.0000	0.0000	0.0000	0.0000	0.0000	0.0000	0.0000	0.0007	0.0000	0.0000	0.0007	0.0000	0.0000
22540000	144179	un	12976022	18	0.1566	0.0000	0.0000	0.0000	0.0000	0.0000	0.0000	0.0000	0.0000	0.0064	0.0000	0.0000	0.0063	0.0000	0.0000
22540000	144493	un	13004282	18	-0.0016	0.0000	0.0000	0.0000	0.0000	0.0000	0.0000	0.0000	0.0000	-0.0000	0.0000	0.0000	-0.0000	0.0000	0.0000
22540000	144708	un	13023632	18	0.7929	0.0000	0.0000	0.0000	0.0000	0.0000	0.0000	0.0000	0.0000	0.2712	0.0000	0.0000	0.2630	0.0000	0.0000
22540000	145284	un	13075472	18	0.2087	0.0000	0.0000	0.0000	0.0000	0.0000	0.0000	0.0000	0.0000	0.0061	0.0000	0.0000	0.0060	0.0000	0.0000
22540000	145502	un	13095092	18	1.0000	0.0000	0.0000	0.0000	0.0000	0.0000	0.0000	0.0000	0.0000	0.3766	0.0000	0.0000	0.3660	0.0000	0.0000
22540000	145820	un	13123712	18	1.0000	0.0000	0.0000	0.0000	0.0000	0.0000	0.0000	0.0000	0.0000	0.3765	0.0000	0.0000	0.3660	0.0000	0.0000
22540000	145957	un	13136042	18	0.2611	0.0000	0.0000	0.0000	0.0000	0.0000	0.0000	0.0000	0.0000	0.0093	0.0000	0.0000	0.0090	0.0000	0.0000
22540000	159922	un	14392892	18	0.3665	0.0000	0.0000	0.0000	0.0000	0.0000	0.0000	0.0000	0.0000	0.0174	0.0000	0.0000	0.0168	0.0000	0.0000
22540000	160306	un	14427452	18	0.0596	0.0000	0.0000	0.0000	0.0000	0.0000	0.0000	0.0000	0.0000	0.0021	0.0000	0.0000	0.0020	0.0000	0.0000
22540000	162107	un	14589542	18	0.0289	0.0000	0.0000	0.0000	0.0000	0.0000	0.0000	0.0000	0.0000	0.0005	0.0000	0.0000	0.0005	0.0000	0.0000
22540000	163290	un	14696012	18	0.2965	0.0000	0.0000	0.0000	0.0000	0.0000	0.0000	0.0000	0.0000	0.0195	0.0000	0.0000	0.0191	0.0000	0.0000
22540000	163453	un	14710682	18	-0.0040	0.0000	0.0000	0.0000	0.0000	0.0000	0.0000	0.0000	0.0000	-0.0000	0.0000	0.0000	-0.0000	0.0000	0.0000
22540000	163580	un	14722112	18	0.2952	0.0000	0.0000	0.0000	0.0000	0.0000	0.0000	0.0000	0.0000	0.0110	0.0000	0.0000	0.0112	0.0000	0.0000
22540000	164014	un	14761172	18	-0.0023	0.0000	0.0000	0.0000	0.0000	0.0000	0.0000	0.0000	0.0000	-0.0000	0.0000	0.0000	-0.0000	0.0000	0.0000
22540000	164461	un	14801402	18	0.1021	0.0000	0.0000	0.0000	0.0000	0.0000	0.0000	0.0000	0.0000	0.0018	0.0000	0.0000	0.0018	0.0000	0.0000
22540000	165088	un	14857832	18	1.0000	0.0000	0.0000	0.0000	0.0000	0.0000	0.0000	0.0000	0.0000	0.3765	0.0000	0.0000	0.3660	0.0000	0.0000
22540000	165394	un	14885372	18	0.1614	0.0000	0.0000	0.0000	0.0000	0.0000	0.0000	0.0000	0.0000	0.0097	0.0000	0.0000	0.0096	0.0000	0.0000
22540000	165413	un	14887082	18	0.0514	0.0000	0.0000	0.0000	0.0000	0.0000	0.0000	0.0000	0.0000	0.0006	0.0000	0.0000	0.0006	0.0000	0.0000
22540000	165931	un	14933702	18	0.1137	0.0000	0.0000	0.0000	0.0000	0.0000	0.0000	0.0000	0.0000	0.0040	0.0000	0.0000	0.0039	0.0000	0.0000
22540000	166934	un	15023972	18	0.1806	0.0000	0.0000	0.0000	0.0000	0.0000	0.0000	0.0000	0.0000	0.0042	0.0000	0.0000	0.0044	0.0000	0.0000
22540000	168629	un	15176522	18	-0.0022	0.0000	0.0000	0.0000	0.0000	0.0000	0.0000	0.0000	0.0000	-0.0000	0.0000	0.0000	-0.0000	0.0000	0.0000
22540000	168991	un	15209102	18	0.1193	0.0000	0.0000	0.0000	0.0000	0.0000	0.0000	0.0000	0.0000	0.0136	0.0000	0.0000	0.0135	0.0000	0.0000
22540000	169478	un	15252932	18	-0.0023	0.0000	0.0000	0.0000	0.0000	0.0000	0.0000	0.0000	0.0000	-0.0000	0.0000	0.0000	-0.0000	0.0000	0.0000
22540000	169898	un	15290732	18	-0.0067	0.0000	0.0000	0.0000	0.0000	0.0000	0.0000	0.0000	0.0000	-0.0001	0.0000	0.0000	-0.0001	0.0000	0.0000
22540000	169921	un	15292802	18	0.4377	0.0000	0.0000	0.0000	0.0000	0.0000	0.0000	0.0000	0.0000	0.0345	0.0000	0.0000	0.0327	0.0000	0.0000
22540000	170224	un	15320072	18	0.0651	0.0000	0.0000	0.0000	0.0000	0.0000	0.0000	0.0000	0.0000	0.0040	0.0000	0.0000	0.0039	0.0000	0.0000
22540000	170367	un	15332942	18	0.6173	0.0000	0.0000	0.0000	0.0000	0.0000	0.0000	0.0000	0.0000	0.0954	0.0000	0.0000	0.0892	0.0000	0.0000
22540000	170878	un	15378932	18	0.3668	0.0000	0.0000	0.0000	0.0000	0.0000	0.0000	0.0000	0.0000	0.0174	0.0000	0.0000	0.0168	0.0000	0.0000
22540000	171021	un	15391802	18	0.7521	0.0000	0.0000	0.0000	0.0000	0.0000	0.0000	0.0000	0.0000	0.4134	0.0000	0.0000	0.4146	0.0000	0.0000
22540000	171750	un	15457412	18	0.5252	0.0000	0.0000	0.0000	0.0000	0.0000	0.0000	0.0000	0.0000	0.0340	0.0000	0.0000	0.0331	0.0000	0.0000
22540000	172196	un	15497552	18	1.0000	0.0000	0.0000	0.0000	0.0000	0.0000	0.0000	0.0000	0.0000	0.3781	0.0000	0.0000	0.3660	0.0000	0.0000
22540000	173220	un	15589712	18	0.3129	0.0000	0.0000	0.0000	0.0000	0.0000	0.0000	0.0000	0.0000	0.0132	0.0000	0.0000	0.0126	0.0000	0.0000
22540000	173562	un	15620492	18	0.5285	0.0000	0.0000	0.0000	0.0000	0.0000	0.0000	0.0000	0.0000	0.0494	0.0000	0.0000	0.0485	0.0000	0.0000
22540000	174083	un	15667382	18	0.3668	0.0000	0.0000	0.0000	0.0000	0.0000	0.0000	0.0000	0.0000	0.0174	0.0000	0.0000	0.0168	0.0000	0.0000
22540000	174223	un	15679982	18	0.0049	0.0000	0.0000	0.0000	0.0000	0.0000	0.0000	0.0000	0.0000	0.0000	0.0000	0.0000	0.0000	0.0000	0.0000
22540000	174263	un	15683582	18	0.2197	0.0000	0.0000	0.0000	0.0000	0.0000	0.0000	0.0000	0.0000	0.0091	0.0000	0.0000	0.0088	0.0000	0.0000
22540000	174837	un	15735242	18	0.7360	0.0000	0.0000	0.0000	0.0000	0.0000	0.0000	0.0000	0.0000	0.0648	0.0000	0.0000	0.0628	0.0000	0.0000
22540000	175657	un	15809042	18	0.1357	0.0000	0.0000	0.0000	0.0000	0.0000	0.0000	0.0000	0.0000	0.0068	0.0000	0.0000	0.0072	0.0000	0.0000
22540000	175739	un	15816422	18	0.2614	0.0000	0.0000	0.0000	0.0000	0.0000	0.0000	0.0000	0.0000	0.0092	0.0000	0.0000	0.0090	0.0000	0.0000
22540000	176570	un	15891212	18	0.0504	0.0000	0.0000	0.0000	0.0000	0.0000	0.0000	0.0000	0.0000	0.0006	0.0000	0.0000	0.0006	0.0000	0.0000
22540000	176775	un	15909662	18	0.2844	0.0000	0.0000	0.0000	0.0000	0.0000	0.0000	0.0000	0.0000	0.0189	0.0000	0.0000	0.0181	0.0000	0.0000
22540000	177194	un	15947372	18	0.6782	0.0000	0.0000	0.0000	0.0000	0.0000	0.0000	0.0000	0.0000	0.0941	0.0000	0.0000	0.0917	0.0000	0.0000
22540000	177893	un	16010282	18	0.3654	0.0000	0.0000	0.0000	0.0000	0.0000	0.0000	0.0000	0.0000	0.0178	0.0000	0.0000	0.0168	0.0000	0.0000
22540000	178448	un	16060232	18	0.1561	0.0000	0.0000	0.0000	0.0000	0.0000	0.0000	0.0000	0.0000	0.0037	0.0000	0.0000	0.0036	0.0000	0.0000
22540000	178895	un	16100462	18	0.9108	0.0000	0.0000	0.0000	0.0000	0.0000	0.0000	0.0000	0.0000	0.3152	0.0000	0.0000	0.3099	0.0000	0.0000
22540000	179162	un	16124492	18	-0.0026	0.0000	0.0000	0.0000	0.0000	0.0000	0.0000	0.0000	0.0000	-0.0000	0.0000	0.0000	-0.0000	0.0000	0.0000
22540000	179286	un	16135652	18	0.0759	0.0000	0.0000	0.0000	0.0000	0.0000	0.0000	0.0000	0.0000	0.0022	0.0000	0.0000	0.0022	0.0000	0.0000
22540000	179594	un	16163372	18	0.1168	0.0000	0.0000	0.0000	0.0000	0.0000	0.0000	0.0000	0.0000	0.0056	0.0000	0.0000	0.0054	0.0000	0.0000
22540000	180413	un	16237082	18	0.1809	0.0000	0.0000	0.0000	0.0000	0.0000	0.0000	0.0000	0.0000	0.0042	0.0000	0.0000	0.0044	0.0000	0.0000
22540000	181507	un	16335542	18	0.4727	0.0000	0.0000	0.0000	0.0000	0.0000	0.0000	0.0000	0.0000	0.0277	0.0000	0.0000	0.0271	0.0000	0.0000
22540000	182862	un	16457492	18	0.2087	0.0000	0.0000	0.0000	0.0000	0.0000	0.0000	0.0000	0.0000	0.0061	0.0000	0.0000	0.0060	0.0000	0.0000
22540000	183061	un	16475402	18	0.3972	0.0000	0.0000	0.0000	0.0000	0.0000	0.0000	0.0000	0.0000	0.0517	0.0000	0.0000	0.0504	0.0000	0.0000
22540000	183115	un	16480262	18	1.0000	0.0000	0.0000	0.0000	0.0000	0.0000	0.0000	0.0000	0.0000	0.1179	0.0000	0.0000	0.1111	0.0000	0.0000
22540000	183288	un	16495832	18	-0.0036	0.0000	0.0000	0.0000	0.0000	0.0000	0.0000	0.0000	0.0000	-0.0000	0.0000	0.0000	-0.0000	0.0000	0.0000
22540000	183906	un	16551452	18	0.0501	0.0000	0.0000	0.0000	0.0000	0.0000	0.0000	0.0000	0.0000	0.0006	0.0000	0.0000	0.0006	0.0000	0.0000
22540000	183990	un	16559012	18	0.1512	0.0000	0.0000	0.0000	0.0000	0.0000	0.0000	0.0000	0.0000	0.0053	0.0000	0.0000	0.0060	0.0000	0.0000
22540000	184048	un	16564232	18	0.6691	0.0000	0.0000	0.0000	0.0000	0.0000	0.0000	0.0000	0.0000	0.1085	0.0000	0.0000	0.1052	0.0000	0.0000
22540000	184076	un	16566752	18	1.0000	0.0000	0.0000	0.0000	0.0000	0.0000	0.0000	0.0000	0.0000	0.3714	0.0000	0.0000	0.3660	0.0000	0.0000
22540000	185147	un	16663142	18	0.6771	0.0000	0.0000	0.0000	0.0000	0.0000	0.0000	0.0000	0.0000	0.1572	0.0000	0.0000	0.1528	0.0000	0.0000
22540000	185904	un	16731272	18	0.0507	0.0000	0.0000	0.0000	0.0000	0.0000	0.0000	0.0000	0.0000	0.0006	0.0000	0.0000	0.0006	0.0000	0.0000
22540000	186178	un	16755932	18	0.0043	0.0000	0.0000	0.0000	0.0000	0.0000	0.0000	0.0000	0.0000	0.0000	0.0000	0.0000	0.0000	0.0000	0.0000
22540000	186415	un	16777262	18	0.1683	0.0000	0.0000	0.0000	0.0000	0.0000	0.0000	0.0000	0.0000	0.0060	0.0000	0.0000	0.0058	0.0000	0.0000
22540000	187707	un	16893542	18	0.5777	0.0000	0.0000	0.0000	0.0000	0.0000	0.0000	0.0000	0.0000	0.0410	0.0000	0.0000	0.0397	0.0000	0.0000
22540000	190378	un	17133932	18	0.0504	0.0000	0.0000	0.0000	0.0000	0.0000	0.0000	0.0000	0.0000	0.0006	0.0000	0.0000	0.0006	0.0000	0.0000
22540000	190639	un	17157422	18	0.1295	0.0000	0.0000	0.0000	0.0000	0.0000	0.0000	0.0000	0.0000	0.0056	0.0000	0.0000	0.0054	0.0000	0.0000
22540000	191465	un	17231762	18	0.2891	0.0000	0.0000	0.0000	0.0000	0.0000	0.0000	0.0000	0.0000	0.2028	0.0000	0.0000	0.2012	0.0000	0.0000
22540000	191703	un	17253182	18	0.1251	0.0000	0.0000	0.0000	0.0000	0.0000	0.0000	0.0000	0.0000	0.0051	0.0000	0.0000	0.0050	0.0000	0.0000
22540000	191960	un	17276312	18	0.1562	0.0000	0.0000	0.0000	0.0000	0.0000	0.0000	0.0000	0.0000	0.0311	0.0000	0.0000	0.0304	0.0000	0.0000
22540000	193106	un	17379452	18	0.8290	0.0000	0.0000	0.0000	0.0000	0.0000	0.0000	0.0000	0.0000	0.2829	0.0000	0.0000	0.2755	0.0000	0.0000
22540000	193316	un	17398352	18	1.0000	0.0000	0.0000	0.0000	0.0000	0.0000	0.0000	0.0000	0.0000	0.3714	0.0000	0.0000	0.3660	0.0000	0.0000
22540000	193338	un	17400332	18	0.9693	0.0000	0.0000	0.0000	0.0000	0.0000	0.0000	0.0000	0.0000	0.3656	0.0000	0.0000	0.3648	0.0000	0.0000
22540000	193765	un	17438762	18	0.2794	0.0000	0.0000	0.0000	0.0000	0.0000	0.0000	0.0000	0.0000	0.0297	0.0000	0.0000	0.0290	0.0000	0.0000
22540000	193854	un	17446772	18	0.2207	0.0000	0.0000	0.0000	0.0000	0.0000	0.0000	0.0000	0.0000	0.0090	0.0000	0.0000	0.0088	0.0000	0.0000
22540000	194373	un	17493482	18	0.4338	0.0000	0.0000	0.0000	0.0000	0.0000	0.0000	0.0000	0.0000	0.1077	0.0000	0.0000	0.1031	0.0000	0.0000
22540000	194413	un	17497082	18	0.7930	0.0000	0.0000	0.0000	0.0000	0.0000	0.0000	0.0000	0.0000	0.2429	0.0000	0.0000	0.2488	0.0000	0.0000
22540000	194868	un	17538032	18	0.0496	0.0000	0.0000	0.0000	0.0000	0.0000	0.0000	0.0000	0.0000	0.0012	0.0000	0.0000	0.0012	0.0000	0.0000
22540000	195044	un	17553872	18	0.3079	0.0000	0.0000	0.0000	0.0000	0.0000	0.0000	0.0000	0.0000	0.0147	0.0000	0.0000	0.0155	0.0000	0.0000
22540000	195148	un	17563232	18	0.8074	0.0000	0.0000	0.0000	0.0000	0.0000	0.0000	0.0000	0.0000	0.2721	0.0000	0.0000	0.2697	0.0000	0.0000
22540000	195463	un	17591582	18	0.1024	0.0000	0.0000	0.0000	0.0000	0.0000	0.0000	0.0000	0.0000	0.0018	0.0000	0.0000	0.0018	0.0000	0.0000
22540000	195727	un	17615342	18	0.1040	0.0000	0.0000	0.0000	0.0000	0.0000	0.0000	0.0000	0.0000	0.0018	0.0000	0.0000	0.0018	0.0000	0.0000
22540000	197508	un	17775632	18	-0.0013	0.0000	0.0000	0.0000	0.0000	0.0000	0.0000	0.0000	0.0000	-0.0000	0.0000	0.0000	-0.0000	0.0000	0.0000
22540000	199140	un	17922512	18	-0.0033	0.0000	0.0000	0.0000	0.0000	0.0000	0.0000	0.0000	0.0000	-0.0000	0.0000	0.0000	-0.0000	0.0000	0.0000
22540000	199200	un	17927912	18	0.2957	0.0000	0.0000	0.0000	0.0000	0.0000	0.0000	0.0000	0.0000	0.0178	0.0000	0.0000	0.0171	0.0000	0.0000
22540000	199429	un	17948522	18	0.0036	0.0000	0.0000	0.0000	0.0000	0.0000	0.0000	0.0000	0.0000	0.0000	0.0000	0.0000	0.0000	0.0000	0.0000
22540000	199635	un	17967062	18	0.0955	0.0000	0.0000	0.0000	0.0000	0.0000	0.0000	0.0000	0.0000	0.0033	0.0000	0.0000	0.0033	0.0000	0.0000
22540000	200923	un	18082982	18	0.0039	0.0000	0.0000	0.0000	0.0000	0.0000	0.0000	0.0000	0.0000	0.0000	0.0000	0.0000	0.0000	0.0000	0.0000
22540000	201090	un	18098012	18	-0.0029	0.0000	0.0000	0.0000	0.0000	0.0000	0.0000	0.0000	0.0000	-0.0000	0.0000	0.0000	-0.0000	0.0000	0.0000
22540000	201220	un	18109712	18	0.7678	0.0000	0.0000	0.0000	0.0000	0.0000	0.0000	0.0000	0.0000	0.2516	0.0000	0.0000	0.2494	0.0000	0.0000
22540000	201549	un	18139322	18	0.0501	0.0000	0.0000	0.0000	0.0000	0.0000	0.0000	0.0000	0.0000	0.0006	0.0000	0.0000	0.0006	0.0000	0.0000
22540000	201909	un	18171722	18	0.0103	0.0000	0.0000	0.0000	0.0000	0.0000	0.0000	0.0000	0.0000	0.0001	0.0000	0.0000	0.0000	0.0000	0.0000
22540000	202758	un	18248132	18	1.0000	0.0000	0.0000	0.0000	0.0000	0.0000	0.0000	0.0000	0.0000	0.3662	0.0000	0.0000	0.3660	0.0000	0.0000
22540000	203051	un	18274502	18	0.6334	0.0000	0.0000	0.0000	0.0000	0.0000	0.0000	0.0000	0.0000	0.3651	0.0000	0.0000	0.3613	0.0000	0.0000
22540000	203115	un	18280262	18	1.0000	0.0000	0.0000	0.0000	0.0000	0.0000	0.0000	0.0000	0.0000	0.3735	0.0000	0.0000	0.3660	0.0000	0.0000
22540000	203565	un	18320762	18	-0.0016	0.0000	0.0000	0.0000	0.0000	0.0000	0.0000	0.0000	0.0000	-0.0000	0.0000	0.0000	-0.0000	0.0000	0.0000
22540000	204038	un	18363332	18	0.6705	0.0000	0.0000	0.0000	0.0000	0.0000	0.0000	0.0000	0.0000	0.1168	0.0000	0.0000	0.1127	0.0000	0.0000
22540000	204918	un	18442532	18	0.9124	0.0000	0.0000	0.0000	0.0000	0.0000	0.0000	0.0000	0.0000	0.3100	0.0000	0.0000	0.3033	0.0000	0.0000
22540000	205184	un	18466472	18	0.3016	0.0000	0.0000	0.0000	0.0000	0.0000	0.0000	0.0000	0.0000	0.0257	0.0000	0.0000	0.0269	0.0000	0.0000
22540000	206303	un	18567182	18	0.2602	0.0000	0.0000	0.0000	0.0000	0.0000	0.0000	0.0000	0.0000	0.0094	0.0000	0.0000	0.0090	0.0000	0.0000
22540000	206551	un	18589502	18	0.1421	0.0000	0.0000	0.0000	0.0000	0.0000	0.0000	0.0000	0.0000	0.0136	0.0000	0.0000	0.0137	0.0000	0.0000
22540000	208160	un	18734312	18	1.0000	0.0000	0.0000	0.0000	0.0000	0.0000	0.0000	0.0000	0.0000	0.3662	0.0000	0.0000	0.3660	0.0000	0.0000
22540000	208573	un	18771482	18	1.0000	0.0000	0.0000	0.0000	0.0000	0.0000	0.0000	0.0000	0.0000	0.3705	0.0000	0.0000	0.3660	0.0000	0.0000
22540000	208624	un	18776072	18	-0.0023	0.0000	0.0000	0.0000	0.0000	0.0000	0.0000	0.0000	0.0000	-0.0000	0.0000	0.0000	-0.0000	0.0000	0.0000
22540000	212626	un	19136252	18	0.0313	0.0000	0.0000	0.0000	0.0000	0.0000	0.0000	0.0000	0.0000	0.0005	0.0000	0.0000	0.0005	0.0000	0.0000
22540000	216246	un	19462052	18	0.0023	0.0000	0.0000	0.0000	0.0000	0.0000	0.0000	0.0000	0.0000	0.0000	0.0000	0.0000	-0.0000	0.0000	0.0000
22540000	216776	un	19509752	18	0.1889	0.0000	0.0000	0.0000	0.0000	0.0000	0.0000	0.0000	0.0000	0.0180	0.0000	0.0000	0.0177	0.0000	0.0000
22540000	216810	un	19512812	18	0.0762	0.0000	0.0000	0.0000	0.0000	0.0000	0.0000	0.0000	0.0000	0.0040	0.0000	0.0000	0.0042	0.0000	0.0000
22540000	216874	un	19518572	18	0.4139	0.0000	0.0000	0.0000	0.0000	0.0000	0.0000	0.0000	0.0000	0.0393	0.0000	0.0000	0.0382	0.0000	0.0000
22540000	216990	un	19529012	18	0.8153	0.0000	0.0000	0.0000	0.0000	0.0000	0.0000	0.0000	0.0000	0.2472	0.0000	0.0000	0.2405	0.0000	0.0000
22540000	217291	un	19556102	18	0.0634	0.0000	0.0000	0.0000	0.0000	0.0000	0.0000	0.0000	0.0000	0.0007	0.0000	0.0000	0.0007	0.0000	0.0000
22540000	217570	un	19581212	18	0.0899	0.0000	0.0000	0.0000	0.0000	0.0000	0.0000	0.0000	0.0000	0.0021	0.0000	0.0000	0.0021	0.0000	0.0000
22540000	218658	un	19679132	18	-0.0026	0.0000	0.0000	0.0000	0.0000	0.0000	0.0000	0.0000	0.0000	-0.0000	0.0000	0.0000	-0.0000	0.0000	0.0000
22540000	219281	un	19735202	18	0.3144	0.0000	0.0000	0.0000	0.0000	0.0000	0.0000	0.0000	0.0000	0.0129	0.0000	0.0000	0.0126	0.0000	0.0000
22540000	220422	un	19837892	18	0.0517	0.0000	0.0000	0.0000	0.0000	0.0000	0.0000	0.0000	0.0000	0.0006	0.0000	0.0000	0.0006	0.0000	0.0000
22540000	220438	un	19839332	18	0.0403	0.0000	0.0000	0.0000	0.0000	0.0000	0.0000	0.0000	0.0000	0.0007	0.0000	0.0000	0.0006	0.0000	0.0000
22540000	220502	un	19845092	18	-0.0026	0.0000	0.0000	0.0000	0.0000	0.0000	0.0000	0.0000	0.0000	-0.0000	0.0000	0.0000	-0.0000	0.0000	0.0000
22540000	220519	un	19846622	18	0.1698	0.0000	0.0000	0.0000	0.0000	0.0000	0.0000	0.0000	0.0000	0.0060	0.0000	0.0000	0.0058	0.0000	0.0000
22540000	221584	un	19942472	18	1.0000	0.0000	0.0000	0.0000	0.0000	0.0000	0.0000	0.0000	0.0000	0.3750	0.0000	0.0000	0.3660	0.0000	0.0000
22540000	222347	un	20011142	18	0.0725	0.0000	0.0000	0.0000	0.0000	0.0000	0.0000	0.0000	0.0000	0.0017	0.0000	0.0000	0.0017	0.0000	0.0000
22540000	222896	un	20060552	18	0.0520	0.0000	0.0000	0.0000	0.0000	0.0000	0.0000	0.0000	0.0000	0.0006	0.0000	0.0000	0.0006	0.0000	0.0000
22540000	223181	un	20086202	18	0.2084	0.0000	0.0000	0.0000	0.0000	0.0000	0.0000	0.0000	0.0000	0.0122	0.0000	0.0000	0.0120	0.0000	0.0000
22540000	224162	un	20174492	18	0.6669	0.0000	0.0000	0.0000	0.0000	0.0000	0.0000	0.0000	0.0000	0.1264	0.0000	0.0000	0.1195	0.0000	0.0000
22540000	224639	un	20217422	18	0.6795	0.0000	0.0000	0.0000	0.0000	0.0000	0.0000	0.0000	0.0000	0.1543	0.0000	0.0000	0.1584	0.0000	0.0000
22540000	224649	un	20218322	18	-0.0019	0.0000	0.0000	0.0000	0.0000	0.0000	0.0000	0.0000	0.0000	-0.0000	0.0000	0.0000	-0.0000	0.0000	0.0000
22540000	224874	un	20238572	18	0.6309	0.0000	0.0000	0.0000	0.0000	0.0000	0.0000	0.0000	0.0000	0.0479	0.0000	0.0000	0.0469	0.0000	0.0000
22540000	224958	un	20246132	18	1.0000	0.0000	0.0000	0.0000	0.0000	0.0000	0.0000	0.0000	0.0000	0.3776	0.0000	0.0000	0.3660	0.0000	0.0000
22540000	226245	un	20361962	18	0.0504	0.0000	0.0000	0.0000	0.0000	0.0000	0.0000	0.0000	0.0000	0.0006	0.0000	0.0000	0.0006	0.0000	0.0000
22540000	226342	un	20370692	18	0.0744	0.0000	0.0000	0.0000	0.0000	0.0000	0.0000	0.0000	0.0000	0.0022	0.0000	0.0000	0.0022	0.0000	0.0000
22540000	226777	un	20409842	18	1.0000	0.0000	0.0000	0.0000	0.0000	0.0000	0.0000	0.0000	0.0000	0.3780	0.0000	0.0000	0.3660	0.0000	0.0000
22540000	226838	un	20415332	18	0.4534	0.0000	0.0000	0.0000	0.0000	0.0000	0.0000	0.0000	0.0000	0.2071	0.0000	0.0000	0.2073	0.0000	0.0000
22540000	227021	un	20431802	18	1.0000	0.0000	0.0000	0.0000	0.0000	0.0000	0.0000	0.0000	0.0000	0.3720	0.0000	0.0000	0.3660	0.0000	0.0000
22540000	227414	un	20467172	18	1.0000	0.0000	0.0000	0.0000	0.0000	0.0000	0.0000	0.0000	0.0000	0.3827	0.0000	0.0000	0.3660	0.0000	0.0000
22540000	228970	un	20607212	18	-0.0026	0.0000	0.0000	0.0000	0.0000	0.0000	0.0000	0.0000	0.0000	-0.0000	0.0000	0.0000	-0.0000	0.0000	0.0000
22540000	229002	un	20610092	18	0.0026	0.0000	0.0000	0.0000	0.0000	0.0000	0.0000	0.0000	0.0000	0.0000	0.0000	0.0000	0.0000	0.0000	0.0000
22540000	229097	un	20618642	18	0.2809	0.0000	0.0000	0.0000	0.0000	0.0000	0.0000	0.0000	0.0000	0.0152	0.0000	0.0000	0.0159	0.0000	0.0000
22540000	229177	un	20625842	18	0.3215	0.0000	0.0000	0.0000	0.0000	0.0000	0.0000	0.0000	0.0000	0.0173	0.0000	0.0000	0.0167	0.0000	0.0000
22540000	229612	un	20664992	18	-0.0023	0.0000	0.0000	0.0000	0.0000	0.0000	0.0000	0.0000	0.0000	-0.0000	0.0000	0.0000	-0.0000	0.0000	0.0000
22540000	229936	un	20694152	18	0.0627	0.0000	0.0000	0.0000	0.0000	0.0000	0.0000	0.0000	0.0000	0.0007	0.0000	0.0000	0.0007	0.0000	0.0000
22540000	230617	un	20755442	18	0.5550	0.0000	0.0000	0.0000	0.0000	0.0000	0.0000	0.0000	0.0000	0.0557	0.0000	0.0000	0.0540	0.0000	0.0000
22540000	231404	un	20826272	18	0.4324	0.0000	0.0000	0.0000	0.0000	0.0000	0.0000	0.0000	0.0000	0.2570	0.0000	0.0000	0.2593	0.0000	0.0000
22540000	231685	un	20851562	18	0.6308	0.0000	0.0000	0.0000	0.0000	0.0000	0.0000	0.0000	0.0000	0.0889	0.0000	0.0000	0.0919	0.0000	0.0000
22540000	232937	un	20964242	18	0.0052	0.0000	0.0000	0.0000	0.0000	0.0000	0.0000	0.0000	0.0000	0.0000	0.0000	0.0000	0.0000	0.0000	0.0000
22540000	232989	un	20968922	18	0.9277	0.0000	0.0000	0.0000	0.0000	0.0000	0.0000	0.0000	0.0000	0.3392	0.0000	0.0000	0.3279	0.0000	0.0000
22540000	233194	un	20987372	18	0.2454	0.0000	0.0000	0.0000	0.0000	0.0000	0.0000	0.0000	0.0000	0.0190	0.0000	0.0000	0.0185	0.0000	0.0000
22540000	233295	un	20996462	18	0.5775	0.0000	0.0000	0.0000	0.0000	0.0000	0.0000	0.0000	0.0000	0.0412	0.0000	0.0000	0.0397	0.0000	0.0000
22540000	233384	un	21004472	18	0.7653	0.0000	0.0000	0.0000	0.0000	0.0000	0.0000	0.0000	0.0000	0.3869	0.0000	0.0000	0.3852	0.0000	0.0000
22540000	234346	un	21091052	18	0.1684	0.0000	0.0000	0.0000	0.0000	0.0000	0.0000	0.0000	0.0000	0.0060	0.0000	0.0000	0.0058	0.0000	0.0000
22540000	235099	un	21158822	18	1.0000	0.0000	0.0000	0.0000	0.0000	0.0000	0.0000	0.0000	0.0000	0.3690	0.0000	0.0000	0.3660	0.0000	0.0000
22540000	235241	un	21171602	18	0.2620	0.0000	0.0000	0.0000	0.0000	0.0000	0.0000	0.0000	0.0000	0.0092	0.0000	0.0000	0.0090	0.0000	0.0000
22540000	235638	un	21207332	18	0.2393	0.0000	0.0000	0.0000	0.0000	0.0000	0.0000	0.0000	0.0000	0.0070	0.0000	0.0000	0.0074	0.0000	0.0000
22540000	236207	un	21258542	18	0.1449	0.0000	0.0000	0.0000	0.0000	0.0000	0.0000	0.0000	0.0000	0.0141	0.0000	0.0000	0.0137	0.0000	0.0000
22540000	236307	un	21267542	18	0.2313	0.0000	0.0000	0.0000	0.0000	0.0000	0.0000	0.0000	0.0000	0.0120	0.0000	0.0000	0.0143	0.0000	0.0000
22540000	236667	un	21299942	18	1.0000	0.0000	0.0000	0.0000	0.0000	0.0000	0.0000	0.0000	0.0000	0.3653	0.0000	0.0000	0.3660	0.0000	0.0000
22540000	236931	un	21323702	18	0.2574	0.0000	0.0000	0.0000	0.0000	0.0000	0.0000	0.0000	0.0000	0.0374	0.0000	0.0000	0.0394	0.0000	0.0000
22540000	236999	un	21329822	18	0.0511	0.0000	0.0000	0.0000	0.0000	0.0000	0.0000	0.0000	0.0000	0.0006	0.0000	0.0000	0.0006	0.0000	0.0000
22540000	239491	un	21554102	18	0.1865	0.0000	0.0000	0.0000	0.0000	0.0000	0.0000	0.0000	0.0000	0.0188	0.0000	0.0000	0.0185	0.0000	0.0000
22540000	240398	un	21635732	18	0.1877	0.0000	0.0000	0.0000	0.0000	0.0000	0.0000	0.0000	0.0000	0.0285	0.0000	0.0000	0.0288	0.0000	0.0000
22540000	240825	un	21674162	18	0.0033	0.0000	0.0000	0.0000	0.0000	0.0000	0.0000	0.0000	0.0000	0.0000	0.0000	0.0000	0.0000	0.0000	0.0000
22540000	240847	un	21676142	18	1.0000	0.0000	0.0000	0.0000	0.0000	0.0000	0.0000	0.0000	0.0000	0.3781	0.0000	0.0000	0.3660	0.0000	0.0000
22540000	241665	un	21749762	18	0.6115	0.0000	0.0000	0.0000	0.0000	0.0000	0.0000	0.0000	0.0000	0.3171	0.0000	0.0000	0.3193	0.0000	0.0000
22540000	243039	un	21873422	18	0.9119	0.0000	0.0000	0.0000	0.0000	0.0000	0.0000	0.0000	0.0000	0.3749	0.0000	0.0000	0.3679	0.0000	0.0000
22540000	244435	un	21999062	18	0.0517	0.0000	0.0000	0.0000	0.0000	0.0000	0.0000	0.0000	0.0000	0.0006	0.0000	0.0000	0.0006	0.0000	0.0000
22540000	244498	un	22004732	18	0.8971	0.0000	0.0000	0.0000	0.0000	0.0000	0.0000	0.0000	0.0000	0.3374	0.0000	0.0000	0.3351	0.0000	0.0000
22540000	245933	un	22133882	18	0.4009	0.0000	0.0000	0.0000	0.0000	0.0000	0.0000	0.0000	0.0000	0.0665	0.0000	0.0000	0.0650	0.0000	0.0000
22540000	245971	un	22137302	18	0.0289	0.0000	0.0000	0.0000	0.0000	0.0000	0.0000	0.0000	0.0000	0.0005	0.0000	0.0000	0.0005	0.0000	0.0000
22540000	246433	un	22178882	18	0.5257	0.0000	0.0000	0.0000	0.0000	0.0000	0.0000	0.0000	0.0000	0.0336	0.0000	0.0000	0.0331	0.0000	0.0000
22540000	246895	un	22220462	18	0.0117	0.0000	0.0000	0.0000	0.0000	0.0000	0.0000	0.0000	0.0000	0.0001	0.0000	0.0000	0.0000	0.0000	0.0000
22540000	248131	un	22331702	18	0.0169	0.0000	0.0000	0.0000	0.0000	0.0000	0.0000	0.0000	0.0000	0.0004	0.0000	0.0000	0.0004	0.0000	0.0000
22540000	248854	un	22396772	18	1.0000	0.0000	0.0000	0.0000	0.0000	0.0000	0.0000	0.0000	0.0000	0.3714	0.0000	0.0000	0.3660	0.0000	0.0000
22540000	250269	un	22524122	18	0.5029	0.0000	0.0000	0.0000	0.0000	0.0000	0.0000	0.0000	0.0000	0.0529	0.0000	0.0000	0.0519	0.0000	0.0000
22540000	250462	un	22541492	18	0.2237	0.0000	0.0000	0.0000	0.0000	0.0000	0.0000	0.0000	0.0000	0.0213	0.0000	0.0000	0.0210	0.0000	0.0000
22540000	250505	un	22545362	18	0.9154	0.0000	0.0000	0.0000	0.0000	0.0000	0.0000	0.0000	0.0000	0.3714	0.0000	0.0000	0.3627	0.0000	0.0000
22540000	250844	un	22575872	18	-0.0040	0.0000	0.0000	0.0000	0.0000	0.0000	0.0000	0.0000	0.0000	-0.0000	0.0000	0.0000	-0.0000	0.0000	0.0000
22540000	251283	un	22615382	18	0.0631	0.0000	0.0000	0.0000	0.0000	0.0000	0.0000	0.0000	0.0000	0.0007	0.0000	0.0000	0.0007	0.0000	0.0000
22540000	251358	un	22622132	18	0.1063	0.0000	0.0000	0.0000	0.0000	0.0000	0.0000	0.0000	0.0000	0.0065	0.0000	0.0000	0.0063	0.0000	0.0000
22540000	251516	un	22636352	18	0.6627	0.0000	0.0000	0.0000	0.0000	0.0000	0.0000	0.0000	0.0000	0.1482	0.0000	0.0000	0.1430	0.0000	0.0000
22540000	251901	un	22671002	18	-0.0013	0.0000	0.0000	0.0000	0.0000	0.0000	0.0000	0.0000	0.0000	-0.0000	0.0000	0.0000	-0.0000	0.0000	0.0000
22540000	252158	un	22694132	18	0.1047	0.0000	0.0000	0.0000	0.0000	0.0000	0.0000	0.0000	0.0000	0.0018	0.0000	0.0000	0.0018	0.0000	0.0000
22540000	252988	un	22768832	18	0.3660	0.0000	0.0000	0.0000	0.0000	0.0000	0.0000	0.0000	0.0000	0.0176	0.0000	0.0000	0.0168	0.0000	0.0000
22540000	254425	un	22898162	18	0.3702	0.0000	0.0000	0.0000	0.0000	0.0000	0.0000	0.0000	0.0000	0.0311	0.0000	0.0000	0.0300	0.0000	0.0000
22540000	254850	un	22936412	18	1.0000	0.0000	0.0000	0.0000	0.0000	0.0000	0.0000	0.0000	0.0000	0.3699	0.0000	0.0000	0.3660	0.0000	0.0000
22540000	256337	un	23070242	18	-0.0019	0.0000	0.0000	0.0000	0.0000	0.0000	0.0000	0.0000	0.0000	-0.0000	0.0000	0.0000	-0.0000	0.0000	0.0000
22540000	257510	un	23175812	18	0.3141	0.0000	0.0000	0.0000	0.0000	0.0000	0.0000	0.0000	0.0000	0.0130	0.0000	0.0000	0.0126	0.0000	0.0000
22540000	258609	un	23274722	18	0.2060	0.0000	0.0000	0.0000	0.0000	0.0000	0.0000	0.0000	0.0000	0.0347	0.0000	0.0000	0.0340	0.0000	0.0000
22540000	259058	un	23315132	18	0.2620	0.0000	0.0000	0.0000	0.0000	0.0000	0.0000	0.0000	0.0000	0.0092	0.0000	0.0000	0.0090	0.0000	0.0000
22540000	259076	un	23316752	18	0.8366	0.0000	0.0000	0.0000	0.0000	0.0000	0.0000	0.0000	0.0000	0.2523	0.0000	0.0000	0.2455	0.0000	0.0000
22540000	259100	un	23318912	18	0.7022	0.0000	0.0000	0.0000	0.0000	0.0000	0.0000	0.0000	0.0000	0.2655	0.0000	0.0000	0.2688	0.0000	0.0000
22540000	259226	un	23330252	18	1.0000	0.0000	0.0000	0.0000	0.0000	0.0000	0.0000	0.0000	0.0000	0.3720	0.0000	0.0000	0.3660	0.0000	0.0000
22540000	259869	un	23388122	18	0.0517	0.0000	0.0000	0.0000	0.0000	0.0000	0.0000	0.0000	0.0000	0.0006	0.0000	0.0000	0.0006	0.0000	0.0000
22540000	260700	un	23462912	18	-0.0019	0.0000	0.0000	0.0000	0.0000	0.0000	0.0000	0.0000	0.0000	-0.0000	0.0000	0.0000	-0.0000	0.0000	0.0000
22540000	261328	un	23519432	18	1.0000	0.0000	0.0000	0.0000	0.0000	0.0000	0.0000	0.0000	0.0000	0.3750	0.0000	0.0000	0.3660	0.0000	0.0000
22540000	262126	un	23591252	18	0.9464	0.0000	0.0000	0.0000	0.0000	0.0000	0.0000	0.0000	0.0000	0.3449	0.0000	0.0000	0.3393	0.0000	0.0000
22540000	262223	un	23599982	18	0.0778	0.0000	0.0000	0.0000	0.0000	0.0000	0.0000	0.0000	0.0000	0.0041	0.0000	0.0000	0.0040	0.0000	0.0000
22540000	262238	un	23601332	18	0.8608	0.0000	0.0000	0.0000	0.0000	0.0000	0.0000	0.0000	0.0000	0.2568	0.0000	0.0000	0.2474	0.0000	0.0000
22540000	262346	un	23611052	18	0.4155	0.0000	0.0000	0.0000	0.0000	0.0000	0.0000	0.0000	0.0000	0.0196	0.0000	0.0000	0.0209	0.0000	0.0000
22540000	262620	un	23635712	18	0.1564	0.0000	0.0000	0.0000	0.0000	0.0000	0.0000	0.0000	0.0000	0.0036	0.0000	0.0000	0.0036	0.0000	0.0000
22540000	263002	un	23670092	18	0.0453	0.0000	0.0000	0.0000	0.0000	0.0000	0.0000	0.0000	0.0000	0.0011	0.0000	0.0000	0.0011	0.0000	0.0000
22540000	263497	un	23714642	18	0.1745	0.0000	0.0000	0.0000	0.0000	0.0000	0.0000	0.0000	0.0000	0.0092	0.0000	0.0000	0.0091	0.0000	0.0000
22540000	263813	un	23743082	18	0.0497	0.0000	0.0000	0.0000	0.0000	0.0000	0.0000	0.0000	0.0000	0.0006	0.0000	0.0000	0.0006	0.0000	0.0000
22540000	264184	un	23776472	18	0.0391	0.0000	0.0000	0.0000	0.0000	0.0000	0.0000	0.0000	0.0000	0.0021	0.0000	0.0000	0.0020	0.0000	0.0000
